fund_code,name,trade_date,prev_trade_date,share_change,share_change_pct,confirmed_at,confirm_note
159787.SZ,易方达中证全指建筑材料ETF,20240108,20240105,-4450.0,-0.5740333153198669,2026-06-27T15:51:16,auto_confirmed_non_lifecycle_announcements
562930.SH,易方达中证软件服务ETF,20240109,20240108,3900.0,0.9889190354235872,2026-06-27T16:09:06,auto_confirmed_no_announcement_after_retry
560280.SH,广发中证工程机械主题ETF,20240115,20240112,4050.0,3.766741071428571,2026-06-27T16:09:06,auto_confirmed_no_announcement_after_retry
560280.SH,广发中证工程机械主题ETF,20240116,20240115,-3950.0,-0.7707016311558573,2026-06-27T16:09:06,auto_confirmed_no_announcement_after_retry
562920.SH,易方达中证信息安全主题ETF,20240116,20240115,-4600.0,-0.6564957399135138,2026-06-27T16:09:06,auto_confirmed_no_announcement_after_retry
159520.SZ,工银瑞信中证消费龙头ETF,20240117,20240116,-2900.0,-0.535276087746074,2026-06-27T15:51:16,auto_confirmed_non_lifecycle_announcements
159686.SZ,易方达中证A100ETF,20240117,20240116,-3600.0,-0.5823792801358548,2026-06-27T15:51:16,auto_confirmed_non_lifecycle_announcements
562590.SH,华夏中证半导体材料设备主题ETF,20240118,20240117,-3400.0,-0.5604734352076224,2026-06-27T16:09:06,auto_confirmed_no_announcement_after_retry
560590.SH,鹏华中证1000增强策略ETF,20240119,20240118,-3900.0,-0.6642820643842616,2026-06-27T16:09:06,auto_confirmed_no_announcement_after_retry
561370.SH,国泰中证2000ETF,20240122,20240119,-3400.0000000000005,-0.6033075448931792,2026-06-27T16:09:06,auto_confirmed_no_announcement_after_retry
562350.SH,银华中证全指电力公用事业ETF,20240123,20240122,3000.0,1.020029988881673,2026-06-27T16:09:06,auto_confirmed_no_announcement_after_retry
562960.SH,易方达中证绿色电力ETF,20240123,20240122,-2950.0000000000005,-0.5231331240800837,2026-06-27T16:09:06,auto_confirmed_no_announcement_after_retry
159777.SZ,国联安创业板科技ETF,20240124,20240123,7100.000000000001,4.108661956365432,2026-06-27T15:51:16,auto_confirmed_non_lifecycle_announcements
159777.SZ,国联安创业板科技ETF,20240125,20240124,-7100.000000000001,-0.8042540280524938,2026-06-27T15:51:16,auto_confirmed_non_lifecycle_announcements
159543.SZ,工银瑞信国证2000ETF,20240129,20240126,4400.0,2.418040649571449,2026-06-27T15:51:16,auto_confirmed_non_lifecycle_announcements
513040.SH,易方达中证港股通互联网ETF,20240129,20240126,13000.0,2.247529014735146,2026-06-27T16:09:06,auto_confirmed_no_announcement_after_retry
159543.SZ,工银瑞信国证2000ETF,20240130,20240129,-4400.0,-0.707434725761562,2026-06-27T15:51:16,auto_confirmed_non_lifecycle_announcements
159971.SZ,富国创业板ETF,20240201,20240131,20000.0,14.275370759929377,2026-06-27T16:11:53,auto_confirmed_non_lifecycle_announcements
562010.SH,华宝中证绿色能源ETF,20240201,20240131,-5000.000000000001,-0.5861754047834258,2026-06-27T16:09:06,auto_confirmed_no_announcement_after_retry
563300.SH,华泰柏瑞中证2000ETF,20240208,20240207,691250.0,4.449131542395638,2026-06-27T16:09:06,auto_confirmed_no_announcement_after_retry
159531.SZ,南方中证2000ETF,20240219,20240208,141600.0,6.9205367838113165,2026-06-27T15:51:16,auto_confirmed_non_lifecycle_announcements
588320.SH,广发中证科创创业50增强策略ETF,20240228,20240227,-4800.0,-0.6682947068274658,2026-06-27T16:09:06,auto_confirmed_no_announcement_after_retry
159539.SZ,广发国证信息技术创新主题ETF,20240311,20240308,-3600.0000000000005,-0.6146997033151882,2026-06-27T15:51:16,auto_confirmed_non_lifecycle_announcements
561370.SH,国泰中证2000ETF,20240311,20240308,-3400.0000000000005,-0.5633242759626218,2026-06-27T16:09:06,auto_confirmed_no_announcement_after_retry
159620.SZ,华夏中证智选500成长创新策略ETF,20240318,20240315,-3900.0,-0.5987018853613613,2026-06-27T15:51:16,auto_confirmed_non_lifecycle_announcements
159653.SZ,国联安国证ESG300ETF,20240318,20240315,5100.0,4.6481665990404,2026-06-27T16:11:53,auto_confirmed_non_lifecycle_announcements
159787.SZ,易方达中证全指建筑材料ETF,20240320,20240319,5700.0,2.588363905619533,2026-06-27T15:51:16,auto_confirmed_non_lifecycle_announcements
159787.SZ,易方达中证全指建筑材料ETF,20240321,20240320,-5700.0,-0.7213214639591161,2026-06-27T15:51:16,auto_confirmed_non_lifecycle_announcements
159791.SZ,华夏沪深300ESG基准ETF,20240322,20240321,-4000.000000000001,-0.6548429639914788,2026-06-27T15:51:16,auto_confirmed_non_lifecycle_announcements
516190.SH,华夏中证文娱传媒ETF,20240322,20240321,-3240.0000000000005,-0.6325839296347999,2026-06-27T16:09:06,auto_confirmed_no_announcement_after_retry
562920.SH,易方达中证信息安全主题ETF,20240402,20240401,-3800.0,-0.5751562760144697,2026-06-27T16:09:06,auto_confirmed_no_announcement_after_retry
159562.SZ,华夏中证沪深港黄金产业股票ETF,20240409,20240408,19300.0,3.565457288186343,2026-06-27T15:51:16,auto_confirmed_non_lifecycle_announcements
515220.SH,国泰中证煤炭ETF,20240411,20240410,153358.84,1.011876508696127,2026-06-27T16:09:06,auto_confirmed_no_announcement_after_retry
561200.SH,工银瑞信中证A100ETF,20240417,20240416,1800.0000000000002,5.186572539979831,2026-06-27T15:51:16,auto_confirmed_non_lifecycle_announcements
159543.SZ,工银瑞信国证2000ETF,20240418,20240417,4800.0,2.6378625268052174,2026-06-27T15:51:16,auto_confirmed_non_lifecycle_announcements
159686.SZ,易方达中证A100ETF,20240419,20240418,-3200.0,-0.5534858834982093,2026-06-27T15:51:16,auto_confirmed_non_lifecycle_announcements
159517.SZ,银华中证800增强策略ETF,20240422,20240419,-2999.9999999999995,-0.5287030786591751,2026-06-27T15:51:16,auto_confirmed_non_lifecycle_announcements
561370.SH,国泰中证2000ETF,20240423,20240422,4400.0,2.161524857535862,2026-06-27T16:09:06,auto_confirmed_no_announcement_after_retry
159777.SZ,国联安创业板科技ETF,20240424,20240423,7800.000000000001,4.79098851913309,2026-06-27T15:51:16,auto_confirmed_non_lifecycle_announcements
159777.SZ,国联安创业板科技ETF,20240425,20240424,-7600.000000000001,-0.80610463036576,2026-06-27T15:51:16,auto_confirmed_non_lifecycle_announcements
159527.SZ,广发中证云计算与大数据主题ETF,20240426,20240425,-2800.0,-0.6349141562047552,2026-06-27T15:51:16,auto_confirmed_non_lifecycle_announcements
588320.SH,广发中证科创创业50增强策略ETF,20240507,20240506,5400.0,3.029520999068702,2026-06-27T16:09:06,auto_confirmed_no_announcement_after_retry
588320.SH,广发中证科创创业50增强策略ETF,20240508,20240507,-5400.0,-0.751831545180899,2026-06-27T16:09:06,auto_confirmed_no_announcement_after_retry
159527.SZ,广发中证云计算与大数据主题ETF,20240514,20240513,3400.0,2.1117422183852,2026-06-27T15:51:16,auto_confirmed_non_lifecycle_announcements
159527.SZ,广发中证云计算与大数据主题ETF,20240515,20240514,-3400.0,-0.6786366190323639,2026-06-27T15:51:16,auto_confirmed_non_lifecycle_announcements
159543.SZ,工银瑞信国证2000ETF,20240515,20240514,-3600.0,-0.6642489113375499,2026-06-27T16:09:06,auto_confirmed_no_announcement_after_retry
513190.SH,华夏中证港股通内地金融ETF,20240517,20240516,7300.0,0.9741646204761396,2026-06-27T16:09:06,auto_confirmed_no_announcement_after_retry
159539.SZ,广发国证信息技术创新主题ETF,20240520,20240517,-3600.0000000000005,-0.5753999085305945,2026-06-27T15:51:16,auto_confirmed_non_lifecycle_announcements
561780.SH,博时中证1000增强策略ETF,20240524,20240523,-2800.0,-0.528742838367091,2026-06-27T16:09:06,auto_confirmed_no_announcement_after_retry
159787.SZ,易方达中证全指建筑材料ETF,20240528,20240527,5700.0,2.711492489665289,2026-06-27T15:51:16,auto_confirmed_non_lifecycle_announcements
560580.SH,南方中证全指电力公用事业ETF,20240528,20240527,-2600.0,-0.5531561815203284,2026-06-27T16:09:06,auto_confirmed_no_announcement_after_retry
159787.SZ,易方达中证全指建筑材料ETF,20240529,20240528,-5700.0,-0.730566610929561,2026-06-27T15:51:16,auto_confirmed_non_lifecycle_announcements
562930.SH,易方达中证软件服务ETF,20240604,20240603,-4500.000000000001,-0.5146562667978087,2026-06-27T16:09:06,auto_confirmed_no_announcement_after_retry
562920.SH,易方达中证信息安全主题ETF,20240607,20240606,-5000.0,-0.6572979794660112,2026-06-27T16:09:06,auto_confirmed_no_announcement_after_retry
588320.SH,广发中证科创创业50增强策略ETF,20240614,20240613,5400.0,3.029520999068702,2026-06-27T15:51:16,auto_confirmed_non_lifecycle_announcements
588320.SH,广发中证科创创业50增强策略ETF,20240617,20240614,-5400.0,-0.751831545180899,2026-06-27T15:51:16,auto_confirmed_non_lifecycle_announcements
159527.SZ,广发中证云计算与大数据主题ETF,20240624,20240621,-2600.0,-0.5189574145541607,2026-06-27T15:51:16,auto_confirmed_non_lifecycle_announcements
516310.SH,易方达中证银行ETF,20240624,20240621,31800.0,3.3989429073788058,2026-06-27T16:09:06,auto_confirmed_no_announcement_after_retry
561370.SH,国泰中证2000ETF,20240625,20240624,-3600.0000000000005,-0.52665457311721,2026-06-27T16:09:06,auto_confirmed_no_announcement_after_retry
159543.SZ,工银瑞信国证2000ETF,20240702,20240701,4800.0,2.6378625268052174,2026-06-27T15:51:16,auto_confirmed_non_lifecycle_announcements
588890.SH,南方上证科创板芯片ETF,20240708,20240705,1200.0,1.0160880609652836,2026-06-27T16:09:06,auto_confirmed_no_announcement_after_retry
159581.SZ,万家中证红利ETF,20240711,20240710,20200.0,2.370176848516178,2026-06-27T15:51:16,auto_confirmed_non_lifecycle_announcements
159553.SZ,海富通中证2000增强策略ETF,20240716,20240715,4600.0,4.454450388123041,2026-06-27T15:51:16,auto_confirmed_non_lifecycle_announcements
159553.SZ,海富通中证2000增强策略ETF,20240717,20240716,-4600.0,-0.8166634713228887,2026-06-27T15:51:16,auto_confirmed_non_lifecycle_announcements
561760.SH,博时中证油气资源ETF,20240719,20240718,4050.0,2.0563594821020565,2026-06-27T16:09:06,auto_confirmed_no_announcement_after_retry
561760.SH,博时中证油气资源ETF,20240722,20240719,-3900.0,-0.647894343384002,2026-06-27T16:09:06,auto_confirmed_no_announcement_after_retry
159553.SZ,海富通中证2000增强策略ETF,20240729,20240726,-1200.0,-0.5374718426339775,2026-06-27T15:51:16,auto_confirmed_non_lifecycle_announcements
159787.SZ,易方达中证全指建筑材料ETF,20240805,20240802,7000.0,3.3299030574836883,2026-06-27T15:51:16,auto_confirmed_non_lifecycle_announcements
159787.SZ,易方达中证全指建筑材料ETF,20240806,20240805,-7000.0,-0.7690479470962689,2026-06-27T15:51:16,auto_confirmed_non_lifecycle_announcements
512200.SH,南方中证全指房地产ETF,20240809,20240808,-629527.81,-0.642317900971301,2026-06-27T16:09:06,auto_confirmed_no_announcement_after_retry
562930.SH,易方达中证软件服务ETF,20240809,20240808,-5200.000000000001,-0.5229441757092431,2026-06-27T16:09:06,auto_confirmed_no_announcement_after_retry
562920.SH,易方达中证信息安全主题ETF,20240812,20240809,5600.0,1.99508354412341,2026-06-27T15:51:16,auto_confirmed_non_lifecycle_announcements
562920.SH,易方达中证信息安全主题ETF,20240813,20240812,-5500.0,-0.654224506060498,2026-06-27T15:51:16,auto_confirmed_non_lifecycle_announcements
159537.SZ,国泰国证信息技术创新主题ETF,20240814,20240813,3299.9999999999995,0.9808991587511572,2026-06-27T15:51:16,auto_confirmed_non_lifecycle_announcements
510580.SH,易方达中证500ETF,20240830,20240829,-318699.69,-0.7520111066508993,2026-06-27T16:09:06,auto_confirmed_no_announcement_after_retry
159540.SZ,易方达国证信息技术创新主题ETF,20240906,20240905,3300.0000000000005,0.9849220080554086,2026-06-27T15:51:16,auto_confirmed_non_lifecycle_announcements
560330.SH,申万菱信沪深300价值ETF,20240912,20240911,2700.0,0.9952082565425728,2026-06-27T16:09:06,auto_confirmed_no_announcement_after_retry
516160.SH,南方中证新能源ETF,20240913,20240912,-634166.2,-0.6896631149986993,2026-06-27T16:09:06,auto_confirmed_no_announcement_after_retry
561370.SH,国泰中证2000ETF,20240913,20240912,-4200.0,-0.5969640115981579,2026-06-27T16:09:06,auto_confirmed_no_announcement_after_retry
515590.SH,前海开源中证500等权重ETF,20240919,20240918,2400.0,0.995284838079598,2026-06-27T16:09:06,auto_confirmed_no_announcement_after_retry
513320.SH,易方达恒生港股通新经济ETF,20240924,20240923,4300.0,2.0465860089669023,2026-06-27T16:09:06,auto_confirmed_no_announcement_after_retry
159777.SZ,国联安创业板科技ETF,20240927,20240926,-1800.0000000000002,-0.5101959109781831,2026-06-27T15:51:16,auto_confirmed_non_lifecycle_announcements
588500.SH,易方达上证科创板100增强策略ETF,20240927,20240926,5100.0,2.595816155138189,2026-06-27T16:09:06,auto_confirmed_no_announcement_after_retry
513590.SH,鹏华中证港股通消费主题ETF,20240930,20240927,14969.999200000002,1.0120410035499183,2026-06-27T16:09:06,auto_confirmed_no_announcement_after_retry
588310.SH,方正富邦中证科创创业50ETF,20240930,20240927,6719.999900000001,1.008441178015382,2026-06-27T16:09:06,auto_confirmed_no_announcement_after_retry
588500.SH,易方达上证科创板100增强策略ETF,20240930,20240927,37200.0,5.265616374368339,2026-06-27T16:09:06,auto_confirmed_no_announcement_after_retry
159773.SZ,华泰柏瑞创业板科技ETF,20241008,20240930,51360.0,4.241013774046449,2026-06-27T15:51:16,auto_confirmed_non_lifecycle_announcements
159777.SZ,国联安创业板科技ETF,20241008,20240930,57600.0,19.02210213052497,2026-06-27T15:51:16,auto_confirmed_non_lifecycle_announcements
159821.SZ,中银证券创业板ETF,20241008,20240930,5170.0,2.4479166666666665,2026-06-27T15:51:16,auto_confirmed_non_lifecycle_announcements
588010.SH,博时上证科创板新材料ETF,20241008,20240930,127749.9962,6.0710223332935,2026-06-27T15:51:16,auto_confirmed_non_lifecycle_announcements
588190.SH,银华上证科创板100ETF,20241008,20240930,382799.9988,1.0277563141616213,2026-06-27T16:09:06,auto_confirmed_no_announcement_after_retry
588680.SH,广发上证科创板100增强策略ETF,20241008,20240930,5400.0,1.011975037949064,2026-06-27T16:09:06,auto_confirmed_no_announcement_after_retry
588830.SH,鹏华上证科创板新能源ETF,20241008,20240930,25900.0,4.1876927106660045,2026-06-27T16:09:06,auto_confirmed_no_announcement_after_retry
159567.SZ,银华国证港股通创新药ETF,20241009,20241008,20000.0,1.0237255406567145,2026-06-27T15:51:16,auto_confirmed_non_lifecycle_announcements
159991.SZ,招商创业板大盘ETF,20241009,20241008,43400.00000000001,0.9707800310601296,2026-06-27T15:51:16,auto_confirmed_non_lifecycle_announcements
159717.SZ,鹏华国证ESG300ETF,20241010,20241009,12750.0,2.2030929247489293,2026-06-27T15:51:16,auto_confirmed_non_lifecycle_announcements
563330.SH,华泰柏瑞中证A股ETF,20241011,20241010,-8766.04,-0.6670197304844736,2026-06-27T16:09:06,auto_confirmed_no_announcement_after_retry
159787.SZ,易方达中证全指建筑材料ETF,20241015,20241014,6250.0,2.548769896360491,2026-06-27T15:51:16,auto_confirmed_non_lifecycle_announcements
516300.SH,华泰柏瑞中证1000ETF,20241025,20241024,-11658.96,-0.5783151175929628,2026-06-27T16:09:06,auto_confirmed_no_announcement_after_retry
562060.SH,华宝标普中国A股红利机会ETF,20241105,20241104,59450.0,2.231637601573295,2026-06-27T16:09:06,auto_confirmed_no_announcement_after_retry
159533.SZ,博时中证2000ETF,20241118,20241115,3300.0,3.1552422198180765,2026-06-27T16:11:53,auto_confirmed_non_lifecycle_announcements
159533.SZ,博时中证2000ETF,20241205,20241204,-900.0,-0.5468204366239671,2026-06-27T15:51:16,auto_confirmed_non_lifecycle_announcements
560900.SH,摩根中证创新药产业ETF,20241219,20241218,-5000.0,-0.5619928716824156,2026-06-27T16:09:06,auto_confirmed_no_announcement_after_retry
520890.SH,华泰柏瑞恒生港股通高股息低波动ETF,20241227,20241226,11150.0,3.184986288848263,2026-06-27T16:09:06,auto_confirmed_no_announcement_after_retry
159333.SZ,万家中证港股通央企红利ETF,20241230,20241227,26600.0,2.128803240038532,2026-06-27T15:51:16,auto_confirmed_non_lifecycle_announcements
159303.SZ,大成恒生医疗保健ETF(QDII),20250207,20250206,6500.0,2.097336211997196,2026-06-27T16:09:06,auto_confirmed_no_announcement_after_retry
159712.SZ,国泰中证港股通50ETF,20250217,20250214,18000.0,3.847895841221965,2026-06-27T15:51:16,auto_confirmed_non_lifecycle_announcements
159712.SZ,国泰中证港股通50ETF,20250224,20250221,-7899.999999999999,-0.7196288413138516,2026-06-27T15:51:16,auto_confirmed_non_lifecycle_announcements
510100.SH,易方达上证50ETF,20250307,20250306,-148061.31,-0.5039150064976416,2026-06-27T16:09:06,auto_confirmed_no_announcement_after_retry
511030.SH,平安中债-中高等级公司债利差因子ETF,20250318,20250317,-96282.64,-0.9000000093474796,2026-06-27T16:09:06,auto_confirmed_no_announcement_after_retry
588790.SH,博时上证科创板人工智能ETF,20250318,20250317,199269.2,0.9866316250200524,2026-06-27T16:09:06,auto_confirmed_no_announcement_after_retry
159370.SZ,工银瑞信创业板50ETF,20250407,20250403,3900.000000000001,2.2522510816435823,2026-06-27T16:09:06,auto_confirmed_no_announcement_after_retry
159712.SZ,国泰中证港股通50ETF,20250423,20250422,6899.999999999999,2.042700553154428,2026-06-27T15:51:16,auto_confirmed_non_lifecycle_announcements
159712.SZ,国泰中证港股通50ETF,20250424,20250423,-5799.999999999999,-0.5643186402629499,2026-06-27T15:51:16,auto_confirmed_non_lifecycle_announcements
512810.SH,华宝中证军工ETF,20250620,20250619,51179.18000000001,1.0000001953919926,2026-06-27T16:09:06,auto_confirmed_no_announcement_after_retry
560520.SH,大成中证红利低波动100ETF,20250701,20250630,-600.0,-0.6153215054866168,2026-06-27T16:09:06,auto_confirmed_no_announcement_after_retry
159211.SZ,富国深证100ETF,20250704,20250703,12000.0,8.769818144666043,2026-06-27T15:51:16,auto_confirmed_non_lifecycle_announcements
512800.SH,华宝中证银行ETF,20250704,20250703,692233.99,0.9905556827515548,2026-06-27T16:09:06,auto_confirmed_no_announcement_after_retry
560820.SH,新华中证A50ETF,20250711,20250710,-3000.0000000000005,-0.6008893161879583,2026-06-27T16:09:06,auto_confirmed_no_announcement_after_retry
159380.SZ,东财中证A500ETF,20250716,20250715,-46499.99999999999,-0.5504233106227531,2026-06-27T16:11:53,auto_confirmed_non_lifecycle_announcements
516750.SH,富国中证全指建筑材料ETF,20250721,20250718,45300.0,5.947434135120978,2026-06-27T15:51:16,auto_confirmed_non_lifecycle_announcements
159366.SZ,永赢中证港股通医疗主题ETF,20250728,20250725,7399.999999999999,1.009094505136782,2026-06-27T16:11:53,auto_confirmed_non_lifecycle_announcements
512000.SH,华宝中证全指证券公司ETF,20250801,20250731,2157721.77,1.0031521076463172,2026-06-27T16:09:06,auto_confirmed_no_announcement_after_retry
159391.SZ,博时国证大盘价值ETF,20250804,20250801,4500.0,3.4413146494929263,2026-06-27T16:09:06,auto_confirmed_no_announcement_after_retry
562060.SH,华宝标普中国A股红利机会ETF,20250808,20250807,139189.63,1.0021599884743015,2026-06-27T16:09:06,auto_confirmed_no_announcement_after_retry
562080.SH,华宝沪深300自由现金流ETF,20250808,20250807,165100.0,2.470156884137224,2026-06-27T16:09:06,auto_confirmed_no_announcement_after_retry
159219.SZ,融通深证100ETF,20250814,20250813,4000.0,3.850590170328931,2026-06-27T15:51:16,auto_confirmed_non_lifecycle_announcements
588070.SH,万家上证科创板成长ETF,20250818,20250815,7000.000000000001,3.119846681820208,2026-06-27T16:09:06,auto_confirmed_no_announcement_after_retry
513770.SH,华宝中证港股通互联网ETF,20250829,20250828,790406.9,1.0235688262247955,2026-06-27T16:09:06,auto_confirmed_no_announcement_after_retry
515000.SH,华宝中证科技龙头ETF,20250905,20250904,173628.96,0.9763817447742064,2026-06-27T16:09:06,auto_confirmed_no_announcement_after_retry
516800.SH,华宝中证智能制造主题ETF,20250905,20250904,11315.4,1.0,2026-06-27T16:09:06,auto_confirmed_no_announcement_after_retry
563830.SH,博时中证全指自由现金流ETF,20250910,20250909,12200.0,7.674886763965778,2026-06-27T16:09:06,auto_confirmed_no_announcement_after_retry
515260.SH,华宝中证电子50ETF,20250912,20250911,39828.42,1.025754331492242,2026-06-27T16:09:06,auto_confirmed_no_announcement_after_retry
589100.SH,国泰上证科创板芯片ETF,20250912,20250911,22800.0,2.308229648602407,2026-06-27T16:09:06,auto_confirmed_no_announcement_after_retry
560950.SH,汇添富中证500增强策略ETF,20250923,20250922,-2200.0,-0.5059448520111308,2026-06-27T16:09:06,auto_confirmed_no_announcement_after_retry
588270.SH,易方达上证科创板200ETF,20250923,20250922,5100.0,0.9730967372638808,2026-06-27T16:09:06,auto_confirmed_no_announcement_after_retry
560780.SH,广发中证半导体材料设备主题ETF,20250924,20250923,26600.0,1.0018983336848766,2026-06-27T16:09:06,auto_confirmed_no_announcement_after_retry
159219.SZ,融通深证100ETF,20250929,20250926,2200.0,2.117824593680912,2026-06-27T16:09:06,auto_confirmed_no_announcement_after_retry
159239.SZ,富国恒生港股通汽车主题ETF,20250929,20250926,7250.0,1.0100200537043682,2026-06-27T16:09:06,auto_confirmed_no_announcement_after_retry
515980.SH,华富中证人工智能产业ETF,20250929,20250926,429256.45,0.9993016051790168,2026-06-27T16:09:06,auto_confirmed_no_announcement_after_retry
588860.SH,工银瑞信上证科创板生物医药ETF,20251024,20251023,13044.47,1.0,2026-06-27T16:09:06,auto_confirmed_no_announcement_after_retry
159318.SZ,银华恒指港股通ETF,20251029,20251028,3000.0000000000005,1.0134571228418474,2026-06-27T16:11:53,auto_confirmed_non_lifecycle_announcements
512250.SH,招商中证A50ETF,20251105,20251104,4950.0,6.971732792495881,2026-06-27T16:09:06,auto_confirmed_no_announcement_after_retry
562000.SH,华宝中证A100ETF,20251107,20251106,57836.9,0.9931316730683936,2026-06-27T16:09:06,auto_confirmed_no_announcement_after_retry
562080.SH,华宝沪深300自由现金流ETF,20251107,20251106,64937.86,0.97889591253019,2026-06-27T16:09:06,auto_confirmed_no_announcement_after_retry
560190.SH,鹏华中证全指公用事业ETF,20251209,20251208,2499.9999999999995,1.0066843843118305,2026-06-27T16:09:06,auto_confirmed_no_announcement_after_retry
159312.SZ,广发恒指港股通ETF,20251230,20251229,17800.0,5.889290665709205,2026-06-27T15:51:16,auto_confirmed_non_lifecycle_announcements
159717.SZ,鹏华国证ESG300ETF,20260109,20260108,3250.0,2.1140709767131507,2026-06-27T15:51:16,auto_confirmed_non_lifecycle_announcements
516190.SH,华夏中证文娱传媒ETF,20260112,20260109,37620.0,8.0011059476589,2026-06-27T15:51:16,auto_confirmed_non_lifecycle_announcements
517770.SH,浦银安盛中证沪港深游戏及文化传媒ETF,20260112,20260109,18600.0,2.139214563220691,2026-06-27T16:09:06,auto_confirmed_no_announcement_after_retry
159256.SZ,华夏创业板软件ETF,20260113,20260112,33000.0,2.941602085278542,2026-06-27T16:09:06,auto_confirmed_no_announcement_after_retry
159587.SZ,广发国证粮食产业ETF,20260130,20260129,2299.9999999999995,1.024634393742317,2026-06-27T16:09:06,auto_confirmed_no_announcement_after_retry
515880.SH,国泰中证全指通信设备ETF,20260202,20260130,973692.47,2.092854078581142,2026-06-27T16:09:06,auto_confirmed_no_announcement_after_retry
588770.SH,摩根上证科创板新一代信息技术ETF,20260202,20260130,15000.0,2.396277143829346,2026-06-27T16:09:06,auto_confirmed_no_announcement_after_retry
516620.SH,国泰中证影视主题ETF,20260210,20260209,53000.0,2.800269459891424,2026-06-27T16:09:06,auto_confirmed_no_announcement_after_retry
159855.SZ,银华中证影视主题ETF,20260211,20260210,50800.0,2.104171081767111,2026-06-27T16:09:06,auto_confirmed_no_announcement_after_retry
561570.SH,华泰柏瑞中证油气产业ETF,20260303,20260302,15000.0,0.9858886471635984,2026-06-27T16:09:06,auto_confirmed_no_announcement_after_retry
512240.SH,鹏华中证A50ETF,20260309,20260306,-2550.0000000000005,-0.5581578601759839,2026-06-27T16:09:06,auto_confirmed_no_announcement_after_retry
560190.SH,鹏华中证全指公用事业ETF,20260316,20260313,-2499.9999999999995,-0.5067499087850164,2026-06-27T16:09:06,auto_confirmed_no_announcement_after_retry
512760.SH,国泰CES半导体芯片行业ETF,20260326,20260325,570272.27,1.0106331468205385,2026-06-27T16:09:06,auto_confirmed_no_announcement_after_retry
516130.SH,华宝中证消费龙头ETF,20260327,20260326,90100.0,3.453562804247001,2026-06-27T16:09:06,auto_confirmed_no_announcement_after_retry
513660.SH,华夏沪港通恒生ETF,20260420,20260417,142600.01,1.0,2026-06-27T16:09:06,auto_confirmed_no_announcement_after_retry
560660.SH,新华中证云计算50ETF,20260424,20260423,5996.9,1.0,2026-06-27T16:09:06,auto_confirmed_no_announcement_after_retry
159253.SZ,博时中证银行ETF,20260508,20260507,50220.0,5.642380972866698,2026-06-27T16:09:06,auto_confirmed_no_announcement_after_retry
515050.SH,华夏中证5G通信主题ETF,20260512,20260511,736213.6928,2.026423924569548,2026-06-27T16:09:06,auto_confirmed_no_announcement_after_retry
561060.SH,华安中证国有企业红利ETF,20260514,20260513,11550.0,2.156258751050126,2026-06-27T16:09:06,auto_confirmed_no_announcement_after_retry
159717.SZ,鹏华国证ESG300ETF,20260612,20260611,2500.0,0.9852922276247328,2026-06-27T16:09:06,auto_confirmed_no_announcement_after_retry
561330.SH,国泰中证有色金属矿业主题ETF,20260624,20260623,91569.603,1.0155262177578452,2026-06-27T16:09:06,auto_confirmed_no_announcement_after_retry
560780.SH,广发中证半导体材料设备主题ETF,20260625,20260624,449199.20000000007,2.169524597004776,2026-06-27T16:09:06,auto_confirmed_no_announcement_after_retry
561980.SH,招商中证半导体产业ETF,20260625,20260624,560344.0,4.270556584432708,2026-06-27T16:09:06,auto_confirmed_no_announcement_after_retry
