fund_code,name,trade_date,prev_trade_date,request_start_date,request_end_date,share_change,share_change_pct,review_layer,review_reason,category,subcategory,fund_type,list_date,days_since_list,share_ratio,nearest_integer_ratio,integer_ratio_error
159970.SZ,工银瑞信深证100ETF,20230302,20230301,20230223,20230309,419.99999999999994,1.0923890652894932,high_suspicion,high:positive_integer_ratio,宽基,深证100,股票型,20200110,1147.0,2.092389065289493,2.0,0.0923890652894932
159711.SZ,华夏中证港股通50ETF,20230309,20230308,20230302,20230316,2600.0,0.8534339737687877,high_suspicion,high:positive_integer_ratio,港股,港股宽基,股票型,20211228,436.0,1.8534339737687877,2.0,0.1465660262312123
159738.SZ,华泰柏瑞中证沪港深云计算产业ETF,20230620,20230619,20230613,20230629,2000.0,0.8002347248494928,high_suspicion,high:positive_integer_ratio,港股,港股科技,股票型,20220128,508.0,1.8002347248494928,2.0,0.19976527515050724
159679.SZ,国泰中证1000增强策略ETF,20230630,20230629,20230621,20230707,48159.99999999999,0.8319381957813007,high_suspicion,high:positive_integer_ratio,宽基,中证1000,股票型,20230222,128.0,1.8319381957813008,2.0,0.1680618042186992
159653.SZ,国联安国证ESG300ETF,20230703,20230630,20230626,20230710,3300.0,1.139028114941605,high_suspicion,high:positive_integer_ratio,宽基,沪深300,股票型,20230324,101.0,2.1390281149416053,2.0,0.13902811494160527
159508.SZ,华安国证生物医药ETF,20230815,20230814,20230808,20230822,2820.0000000000005,1.3158141544088315,high_suspicion,high:early_listing_abs_change_ge_0.70;high:positive_change_ge_1.20,医药,医药综合,股票型,20230714,32.0,2.3158141544088315,2.0,0.31581415440883154
159508.SZ,华安国证生物医药ETF,20230816,20230815,20230809,20230823,5219.999999999999,1.051749331141826,high_suspicion,high:early_listing_abs_change_ge_0.70;high:positive_integer_ratio,医药,医药综合,股票型,20230714,33.0,2.051749331141826,2.0,0.051749331141826005
159673.SZ,鹏华沪深300ETF,20231222,20231221,20231215,20231229,9200.0,1.4039717291979652,high_suspicion,high:positive_change_ge_1.20,宽基,沪深300,股票型,20230717,158.0,2.403971729197965,2.0,0.403971729197965
159690.SZ,招商中证有色金属矿业主题ETF,20240130,20240129,20240123,20240206,500.0,0.8111644785234471,high_suspicion,high:positive_integer_ratio,周期,有色金属,股票型,20230706,208.0,1.811164478523447,2.0,0.18883552147655291
159971.SZ,富国创业板ETF,20240202,20240201,20240126,20240219,20000.0,0.9345351405398802,high_suspicion,high:positive_integer_ratio,宽基,创业板,股票型,20190702,1676.0,1.9345351405398803,2.0,0.0654648594601197
159520.SZ,工银瑞信中证消费龙头ETF,20240305,20240304,20240227,20240312,2000.0,0.8272102883121514,high_suspicion,high:positive_integer_ratio,消费,消费综合,股票型,20231031,126.0,1.8272102883121515,2.0,0.1727897116878485
159547.SZ,华夏中证红利低波动ETF,20240411,20240410,20240402,20240418,1050.0,0.9303500109648394,high_suspicion,high:positive_integer_ratio,红利策略,红利价值,股票型,20240206,65.0,1.9303500109648393,2.0,0.06964998903516073
159692.SZ,东财中证证券公司30ETF,20241010,20241009,20240926,20241017,19299.999999999996,0.863704831263648,high_suspicion,high:positive_integer_ratio,金融,证券,股票型,20230523,506.0,1.863704831263648,2.0,0.13629516873635206
159375.SZ,国泰创业板50ETF,20250320,20250319,20250313,20250327,3500.0,0.8208614190090631,high_suspicion,high:positive_integer_ratio,宽基,创业板50,股票型,20250110,69.0,1.820861419009063,2.0,0.17913858099093694
159587.SZ,广发国证粮食产业ETF,20250409,20250408,20250401,20250416,5100.0,1.2928729667893128,high_suspicion,high:positive_change_ge_1.20,消费,农牧,股票型,20240821,231.0,2.292872966789313,2.0,0.29287296678931307
159698.SZ,鹏华国证粮食产业ETF,20250409,20250408,20250401,20250416,26000.0,0.8429396628522761,high_suspicion,high:positive_integer_ratio,消费,农牧,股票型,20230818,600.0,1.842939662852276,2.0,0.15706033714772394
159373.SZ,嘉实创业板50ETF,20250410,20250409,20250402,20250417,28800.0,2.4292011435396903,high_suspicion,high:early_listing_abs_change_ge_0.70;high:positive_change_ge_1.20,宽基,创业板50,股票型,20250210,59.0,3.4292011435396903,3.0,0.4292011435396903
159587.SZ,广发国证粮食产业ETF,20250410,20250409,20250402,20250417,7999.999999999998,0.884495589468271,high_suspicion,high:positive_integer_ratio,消费,农牧,股票型,20240821,232.0,1.884495589468271,2.0,0.11550441053172911
159366.SZ,永赢中证港股通医疗主题ETF,20250530,20250529,20250523,20250609,3000.0,1.475428798953744,high_suspicion,high:early_listing_abs_change_ge_0.70;high:positive_change_ge_1.20,港股,港股医药,股票型,20250414,46.0,2.475428798953744,2.0,0.475428798953744
159205.SZ,东财创业板ETF,20250717,20250716,20250710,20250724,16000.0,1.7193935905133488,high_suspicion,high:early_listing_abs_change_ge_0.70;high:positive_change_ge_1.20,宽基,创业板,股票型,20250612,35.0,2.719393590513349,3.0,0.28060640948665094
159391.SZ,博时国证大盘价值ETF,20250805,20250804,20250729,20250812,6700.000000000001,1.1536528143498157,high_suspicion,high:positive_integer_ratio,红利策略,红利价值,股票型,20250421,106.0,2.1536528143498157,2.0,0.1536528143498157
159391.SZ,博时国证大盘价值ETF,20250811,20250808,20250804,20250818,11900.0,0.9514185082304656,high_suspicion,high:positive_integer_ratio,红利策略,红利价值,股票型,20250421,112.0,1.9514185082304656,2.0,0.04858149176953441
159246.SZ,富国创业板人工智能ETF,20250815,20250814,20250808,20250822,4700.0,0.7139840289064485,high_suspicion,high:early_listing_abs_change_ge_0.70,宽基,创业板,股票型,20250710,36.0,1.7139840289064485,2.0,0.2860159710935515
159261.SZ,鹏华创业板新能源ETF,20250908,20250905,20250901,20250915,2399.9999999999995,0.8049665361994791,high_suspicion,high:positive_integer_ratio,宽基,创业板,股票型,20250707,63.0,1.804966536199479,2.0,0.1950334638005209
159387.SZ,国泰创业板新能源ETF,20250909,20250908,20250902,20250916,2600.0,1.057132996763872,high_suspicion,high:positive_integer_ratio,宽基,创业板,股票型,20250610,91.0,2.057132996763872,2.0,0.05713299676387207
560750.SH,申万菱信中证A500ETF,20250917,20250916,20250903,20251009,16500.0,1.1182286174356917,high_suspicion,high:positive_integer_ratio,宽基,中证A500,股票型,20250207,222.0,2.1182286174356917,2.0,0.11822861743569169
159298.SZ,大成创业板50ETF,20251027,20251024,20251020,20251103,8599.999999999998,1.0084299821618115,high_suspicion,high:early_listing_abs_change_ge_0.70;high:positive_integer_ratio,宽基,创业板50,股票型,20250908,49.0,2.0084299821618115,2.0,0.008429982161811456
159123.SZ,嘉实中证光伏产业ETF,20251208,20251205,20251201,20251215,34500.00000000001,0.7734610475802166,high_suspicion,high:early_listing_abs_change_ge_0.70,新能源,光伏,股票型,20251127,11.0,1.7734610475802166,2.0,0.2265389524197834
159107.SZ,富国创业板软件ETF,20260113,20260112,20260106,20260120,31300.000000000004,1.3560173460352563,high_suspicion,high:positive_change_ge_1.20,宽基,创业板,股票型,20250922,113.0,2.3560173460352565,2.0,0.3560173460352565
159142.SZ,景顺长城中证科创创业人工智能ETF,20260113,20260112,20260106,20260120,20599.999999999996,0.7272466876049224,high_suspicion,high:early_listing_abs_change_ge_0.70,宽基,创业板,股票型,20251212,32.0,1.7272466876049224,2.0,0.2727533123950776
159725.SZ,工银瑞信中证线上消费主题ETF,20260113,20260112,20260106,20260120,6699.999999999999,0.9650712761313213,high_suspicion,high:positive_integer_ratio,消费,消费综合,股票型,20210702,1656.0,1.9650712761313212,2.0,0.034928723868678846
159805.SZ,鹏华中证传媒ETF,20260113,20260112,20260106,20260120,19400.0,1.3337689395189412,high_suspicion,high:positive_change_ge_1.20,科技,传媒,股票型,20200417,2097.0,2.3337689395189414,2.0,0.3337689395189414
159147.SZ,南方中证电池主题ETF,20260205,20260204,20260129,20260212,29700.0,0.8403847556446353,high_suspicion,high:early_listing_abs_change_ge_0.70;high:positive_integer_ratio,新能源,电池储能,股票型,20260123,13.0,1.8403847556446353,2.0,0.15961524435536467
159945.SZ,广发中证全指能源ETF,20260303,20260302,20260224,20260310,4450.0,1.0968066978263287,high_suspicion,high:positive_integer_ratio,周期,能源,股票型,20150706,3893.0,2.0968066978263287,2.0,0.09680669782632867
560190.SH,鹏华中证全指公用事业ETF,20260312,20260311,20260226,20260326,1650.0,1.042061386888973,high_suspicion,high:positive_integer_ratio,公用事业,公用事业,股票型,20250106,430.0,2.042061386888973,2.0,0.04206138688897321
159725.SZ,工银瑞信中证线上消费主题ETF,20260513,20260512,20260506,20260520,7600.0,0.8498749185406074,high_suspicion,high:positive_integer_ratio,消费,消费综合,股票型,20210702,1776.0,1.8498749185406074,2.0,0.15012508145939263
159292.SZ,华宝创业板综合增强策略ETF,20260625,20260624,20260617,20260702,4800.0,1.538977934615304,high_suspicion,high:positive_change_ge_1.20,宽基,创业板,股票型,20250902,296.0,2.538977934615304,3.0,0.46102206538469614
159050.SZ,广发国证机器人产业ETF,20260707,20260706,20260630,20260714,25500.0,0.8314215745199636,high_suspicion,high:early_listing_abs_change_ge_0.70;high:positive_integer_ratio,科技,机器人,股票型,20260609,28.0,1.8314215745199636,2.0,0.16857842548003643
