fund_code,announcement_date,event_date,title,content,source_url
159787.SZ,20230107,,关于易方达中证全指建筑材料交易型开放式指数证券投资基金基金资产净值连续低于5000万元的提示性公告,,https://static.cninfo.com.cn/finalpage/2023-01-07/1215540092.PDF
159787.SZ,20230110,,关于易方达中证全指建筑材料交易型开放式指数证券投资基金可能触发基金合同终止情形的提示性公告,,https://static.cninfo.com.cn/finalpage/2023-01-10/1215557418.PDF
511220.SH,20230110,20230113,海富通基金管理有限公司关于上证城投债交易型开放式指数证券投资基金实施基金份额拆分并调整最小申购、赎回单位及相关业务安排的公告,基金运作(基金) 基金折算/拆分,https://www.sse.com.cn/disclosure/fund/announcement/c/new/2023-01-10/511220_20230110_6QF2.pdf
159787.SZ,20230111,,关于易方达中证全指建筑材料交易型开放式指数证券投资基金可能触发基金合同终止情形的提示性公告,,https://static.cninfo.com.cn/finalpage/2023-01-11/1215566816.PDF
511220.SH,20230116,,海富通基金管理有限公司关于上证城投债交易型开放式指数证券投资基金份额拆分结果的公告,基金运作(基金) 基金折算/拆分,https://www.sse.com.cn/disclosure/fund/announcement/c/new/2023-01-16/511220_20230116_F9OY.pdf
159787.SZ,20230120,,易方达中证全指建筑材料交易型开放式指数证券投资基金2022年第4季度报告,,https://static.cninfo.com.cn/finalpage/2023-01-20/1215669554.PDF
159787.SZ,20230120,,易方达基金管理有限公司旗下基金2022年第4季度报告提示性公告,,https://static.cninfo.com.cn/finalpage/2023-01-20/1215669511.PDF
159831.SZ,20230120,,嘉实上海金交易型开放式证券投资基金2022年第4季度报告,,https://static.cninfo.com.cn/finalpage/2023-01-20/1215663334.PDF
159939.SZ,20230210,,关于广发中证全指信息技术交易型开放式指数证券投资基金基金份额拆分并调整最小申购赎回单位的公告,,https://static.cninfo.com.cn/finalpage/2023-02-10/1215815081.PDF
159939.SZ,20230215,,广发中证全指信息技术交易型开放式指数证券投资基金更新的招募说明书,,https://static.cninfo.com.cn/finalpage/2023-02-15/1215862450.PDF
159939.SZ,20230216,,关于广发中证全指信息技术交易型开放式指数证券投资基金基金份额拆分结果及恢复申购、赎回的公告,,https://static.cninfo.com.cn/finalpage/2023-02-16/1215873539.PDF
159939.SZ,20230223,,广发基金管理有限公司关于调整旗下部分开放式基金分红方式变更规则的公告,,https://static.cninfo.com.cn/finalpage/2023-02-23/1215938633.PDF
159791.SZ,20230228,,华夏基金管理有限公司关于旗下部分深交所ETF新增申购赎回代办证券公司的公告,,https://static.cninfo.com.cn/finalpage/2023-02-28/1215988832.PDF
159791.SZ,20230330,,华夏沪深300ESG基准交易型开放式指数证券投资基金2022年年度报告,,https://static.cninfo.com.cn/finalpage/2023-03-30/1216254733.PDF
159791.SZ,20230410,,华夏基金管理有限公司关于旗下部分深交所ETF新增东方证券为申购赎回代办证券公司的公告,,https://static.cninfo.com.cn/finalpage/2023-04-10/1216354733.PDF
159777.SZ,20230526,,国联安基金管理有限公司关于国联安创业板科技交易型开放式指数证券投资基金变更场内简称的公告,,https://static.cninfo.com.cn/finalpage/2023-05-26/1216905960.PDF
159777.SZ,20230529,,国联安创业板科技交易型开放式指数证券投资基金基金产品资料概要更新,,https://static.cninfo.com.cn/finalpage/2023-05-29/1216919002.PDF
159787.SZ,20230603,,关于易方达中证全指建筑材料交易型开放式指数证券投资基金基金资产净值连续低于5000万元的提示性公告,,https://static.cninfo.com.cn/finalpage/2023-06-03/1216978592.PDF
159787.SZ,20230606,,关于易方达中证全指建筑材料交易型开放式指数证券投资基金可能触发基金合同终止情形的提示性公告,,https://static.cninfo.com.cn/finalpage/2023-06-06/1216993861.PDF
159787.SZ,20230607,,易方达基金管理有限公司旗下部分ETF增加华福证券为一级交易商的公告,,https://static.cninfo.com.cn/finalpage/2023-06-07/1217003372.PDF
159787.SZ,20230607,,易方达基金管理有限公司旗下部分ETF增加德邦证券为一级交易商的公告,,https://static.cninfo.com.cn/finalpage/2023-06-07/1217003380.PDF
159907.SZ,20230628,,关于增加浙商证券为广发国证2000交易型开放式指数证券投资基金一级交易商的公告,,https://static.cninfo.com.cn/finalpage/2023-06-28/1217143340.PDF
159907.SZ,20230628,,关于广发国证2000交易型开放式指数证券投资基金流动性服务商的公告,,https://static.cninfo.com.cn/finalpage/2023-06-28/1217143327.PDF
159627.SZ,20230630,,华夏中证100交易型开放式指数证券投资基金基金产品资料概要更新,,https://static.cninfo.com.cn/finalpage/2023-06-30/1217168643.PDF
159627.SZ,20230630,,华夏中证100交易型开放式指数证券投资基金招募说明书更新,,https://static.cninfo.com.cn/finalpage/2023-06-30/1217168694.PDF
159627.SZ,20230630,,华夏基金管理有限公司关于华夏中证100交易型开放式指数证券投资基金流动性服务商的公告,,https://static.cninfo.com.cn/finalpage/2023-06-30/1217163914.PDF
159791.SZ,20230630,,华夏基金管理有限公司关于华夏沪深300ESG基准交易型开放式指数证券投资基金流动性服务商的公告,,https://static.cninfo.com.cn/finalpage/2023-06-30/1217163916.PDF
159907.SZ,20230630,,关于增加招商证券为广发国证2000交易型开放式指数证券投资基金一级交易商的公告,,https://static.cninfo.com.cn/finalpage/2023-06-30/1217165063.PDF
159907.SZ,20230705,,关于增加广发国证2000交易型开放式指数证券投资基金一级交易商的公告,,https://static.cninfo.com.cn/finalpage/2023-07-05/1217208544.PDF
159907.SZ,20230705,,关于广发国证2000交易型开放式指数证券投资基金流动性服务商的公告,,https://static.cninfo.com.cn/finalpage/2023-07-05/1217206772.PDF
159627.SZ,20230707,,华夏基金管理有限公司关于旗下部分深交所ETF新增华福证券为申购赎回代办证券公司的公告,,https://static.cninfo.com.cn/finalpage/2023-07-07/1217228400.PDF
159791.SZ,20230707,,华夏基金管理有限公司关于旗下部分深交所ETF新增华福证券为申购赎回代办证券公司的公告,,https://static.cninfo.com.cn/finalpage/2023-07-07/1217228421.PDF
159627.SZ,20230711,,华夏基金管理有限公司关于华夏中证100交易型开放式指数证券投资基金流动性服务商的公告,,https://static.cninfo.com.cn/finalpage/2023-07-11/1217262625.PDF
159653.SZ,20230711,,国联安基金管理有限公司关于旗下国联安国证ESG300交易型开放式指数证券投资基金增加华泰证券等为基金申购赎回代办券商的公告,,https://static.cninfo.com.cn/finalpage/2023-07-11/1217262900.PDF
159630.SZ,20230714,,汇添富基金管理股份有限公司关于旗下部分基金增加华福证券为申购赎回代理券商的公告,,https://static.cninfo.com.cn/finalpage/2023-07-14/1217292563.PDF
159787.SZ,20230811,,关于易方达中证全指建筑材料交易型开放式指数证券投资基金基金资产净值连续低于5000万元的提示性公告,,https://static.cninfo.com.cn/finalpage/2023-08-11/1217512138.PDF
159787.SZ,20230811,,易方达中证全指建筑材料交易型开放式指数证券投资基金基金产品资料概要更新,,https://static.cninfo.com.cn/finalpage/2023-08-11/1217512179.PDF
159787.SZ,20230811,,易方达基金管理有限公司旗下部分ETF增加国海证券为一级交易商的公告,,https://static.cninfo.com.cn/finalpage/2023-08-11/1217509649.PDF
159787.SZ,20230812,,关于易方达中证全指建筑材料交易型开放式指数证券投资基金可能触发基金合同终止情形的提示性公告,,https://static.cninfo.com.cn/finalpage/2023-08-12/1217523391.PDF
159787.SZ,20230823,,易方达基金管理有限公司旗下部分ETF增加山西证券为一级交易商的公告,,https://static.cninfo.com.cn/finalpage/2023-08-23/1217607721.PDF
159787.SZ,20230823,,易方达基金管理有限公司董事长（联席）任职公告,,https://static.cninfo.com.cn/finalpage/2023-08-23/1217609789.PDF
159787.SZ,20230823,,易方达基金管理有限公司高级管理人员变更公告,,https://static.cninfo.com.cn/finalpage/2023-08-23/1217609788.PDF
159801.SZ,20230825,,关于广发国证半导体芯片交易型开放式指数证券投资基金基金份额拆分并调整最小申购、赎回单位的公告,,https://static.cninfo.com.cn/finalpage/2023-08-25/1217628792.PDF
159801.SZ,20230830,,广发国证半导体芯片交易型开放式指数证券投资基金2023年中期报告,,https://static.cninfo.com.cn/finalpage/2023-08-30/1217691867.PDF
159801.SZ,20230830,,广发国证半导体芯片交易型开放式指数证券投资基金更新的招募说明书,,https://static.cninfo.com.cn/finalpage/2023-08-30/1217695515.PDF
159970.SZ,20230830,,工银瑞信深证100交易型开放式指数证券投资基金2023年中期报告,,https://static.cninfo.com.cn/finalpage/2023-08-30/1217689833.PDF
159777.SZ,20230831,,国联安创业板科技交易型开放式指数证券投资基金2023年中期报告,,https://static.cninfo.com.cn/finalpage/2023-08-31/1217708042.PDF
159801.SZ,20230831,,关于广发国证半导体芯片交易型开放式指数证券投资基金基金份额拆分结果及恢复申购、赎回的公告,,https://static.cninfo.com.cn/finalpage/2023-08-31/1217719072.PDF
159801.SZ,20230905,,关于终止凤凰金信（海口）基金销售有限公司办理旗下基金销售业务并为投资者办理转托管业务的公告,,https://static.cninfo.com.cn/finalpage/2023-09-05/1217775111.PDF
159620.SZ,20230922,,华夏基金管理有限公司公告,,https://static.cninfo.com.cn/finalpage/2023-09-22/1217918586.PDF
159791.SZ,20230922,,华夏基金管理有限公司公告,,https://static.cninfo.com.cn/finalpage/2023-09-22/1217918620.PDF
159620.SZ,20230927,,华夏基金管理有限公司关于杭州分公司营业场所变更的公告,,https://static.cninfo.com.cn/finalpage/2023-09-27/1217959211.PDF
159791.SZ,20230927,,华夏基金管理有限公司关于杭州分公司营业场所变更的公告,,https://static.cninfo.com.cn/finalpage/2023-09-27/1217959224.PDF
512040.SH,20230927,,关于富国中证价值交易型开放式指数证券投资基金实施基金份额拆分业务的公告,share_split 基金份额拆分,https://www.sse.com.cn/disclosure/fund/announcement/c/new/2023-09-27/512040_20230927_B1UN.pdf
512040.SH,20231011,,关于富国中证价值交易型开放式指数证券投资基金基金份额拆分结果的公告,share_split 基金份额拆分,https://www.sse.com.cn/disclosure/fund/announcement/c/new/2023-10-11/512040_20231011_XY20.pdf
159686.SZ,20231025,,易方达中证100交易型开放式指数证券投资基金2023年第3季度报告,,https://static.cninfo.com.cn/finalpage/2023-10-25/1218138293.PDF
159686.SZ,20231025,,易方达基金管理有限公司旗下基金2023年第3季度报告提示性公告,,https://static.cninfo.com.cn/finalpage/2023-10-25/1218138638.PDF
159777.SZ,20231025,,国联安创业板科技交易型开放式指数证券投资基金2023年第3季度报告,,https://static.cninfo.com.cn/finalpage/2023-10-25/1218134319.PDF
159787.SZ,20231025,,关于易方达中证全指建筑材料交易型开放式指数证券投资基金基金资产净值连续低于5000万元的提示性公告,,https://static.cninfo.com.cn/finalpage/2023-10-25/1218138618.PDF
159787.SZ,20231025,,易方达中证全指建筑材料交易型开放式指数证券投资基金2023年第3季度报告,,https://static.cninfo.com.cn/finalpage/2023-10-25/1218138278.PDF
159787.SZ,20231025,,易方达基金管理有限公司旗下基金2023年第3季度报告提示性公告,,https://static.cninfo.com.cn/finalpage/2023-10-25/1218138641.PDF
159686.SZ,20231026,,易方达基金管理有限公司旗下部分ETF增加甬兴证券为一级交易商的公告,,https://static.cninfo.com.cn/finalpage/2023-10-26/1218152307.PDF
159787.SZ,20231026,,关于易方达中证全指建筑材料交易型开放式指数证券投资基金可能触发基金合同终止情形的提示性公告,,https://static.cninfo.com.cn/finalpage/2023-10-26/1218152310.PDF
159787.SZ,20231026,,易方达基金管理有限公司旗下部分ETF增加甬兴证券为一级交易商的公告,,https://static.cninfo.com.cn/finalpage/2023-10-26/1218152313.PDF
159787.SZ,20231027,,关于易方达中证全指建筑材料交易型开放式指数证券投资基金可能触发基金合同终止情形的提示性公告,,https://static.cninfo.com.cn/finalpage/2023-10-27/1218170739.PDF
159970.SZ,20231124,,关于工银瑞信深证100交易型开放式指数证券投资基金新增流动性服务商的公告,,https://static.cninfo.com.cn/finalpage/2023-11-24/1218418871.PDF
159970.SZ,20231130,,工银瑞信深证100交易型开放式指数证券投资基金基金产品资料概要更新,,https://static.cninfo.com.cn/finalpage/2023-11-30/1218479667.PDF
159970.SZ,20231130,,工银瑞信深证100交易型开放式指数证券投资基金更新的招募说明书（2023年第2号）,,https://static.cninfo.com.cn/finalpage/2023-11-30/1218478308.PDF
159620.SZ,20231218,,华夏基金管理有限公司关于旗下部分深交所ETF新增申购赎回代办证券公司的公告,,https://static.cninfo.com.cn/finalpage/2023-12-18/1218634739.PDF
159791.SZ,20231218,,华夏基金管理有限公司关于旗下部分深交所ETF新增申购赎回代办证券公司的公告,,https://static.cninfo.com.cn/finalpage/2023-12-18/1218634755.PDF
159896.SZ,20231219,,南方基金管理股份有限公司关于以通讯方式召开南方中证物联网主题交易型开放式指数证券投资基金基金份额持有人大会的公告,,https://static.cninfo.com.cn/finalpage/2023-12-19/1218653461.PDF
159540.SZ,20231220,,易方达基金管理有限公司旗下部分ETF增加信达证券为一级交易商的公告,,https://static.cninfo.com.cn/finalpage/2023-12-20/1218666884.PDF
159896.SZ,20231220,,南方基金管理股份有限公司关于以通讯方式召开南方中证物联网主题交易型开放式指数证券投资基金基金份额持有人大会的第一次提示性公告,,https://static.cninfo.com.cn/finalpage/2023-12-20/1218664536.PDF
159896.SZ,20231221,,南方基金管理股份有限公司关于以通讯方式召开南方中证物联网主题交易型开放式指数证券投资基金基金份额持有人大会的第二次提示性公告,,https://static.cninfo.com.cn/finalpage/2023-12-21/1218671801.PDF
159791.SZ,20231225,,华夏基金管理有限公司关于旗下部分深交所ETF新增申购赎回代办证券公司的公告,,https://static.cninfo.com.cn/finalpage/2023-12-25/1218703653.PDF
159787.SZ,20231230,,关于易方达中证全指建筑材料交易型开放式指数证券投资基金基金资产净值连续低于5000万元的提示性公告,,https://static.cninfo.com.cn/finalpage/2023-12-30/1218772814.PDF
159787.SZ,20240103,,关于易方达中证全指建筑材料交易型开放式指数证券投资基金可能触发基金合同终止情形的提示性公告,,https://static.cninfo.com.cn/finalpage/2024-01-03/1218792500.PDF
159787.SZ,20240103,,易方达基金管理有限公司关于指定证券投资基金主流动性服务商的公告,,https://static.cninfo.com.cn/finalpage/2024-01-03/1218788167.PDF
159787.SZ,20240104,,关于易方达中证全指建筑材料交易型开放式指数证券投资基金可能触发基金合同终止情形的提示性公告,,https://static.cninfo.com.cn/finalpage/2024-01-04/1218802635.PDF
159520.SZ,20240110,,工银瑞信中证消费龙头交易型开放式指数证券投资基金基金资产净值连续低于5000万元的提示性公告,,https://static.cninfo.com.cn/finalpage/2024-01-10/1218836283.PDF
159520.SZ,20240119,,工银瑞信中证消费龙头交易型开放式指数证券投资基金2023年第4季度报告,,https://static.cninfo.com.cn/finalpage/2024-01-19/1218945064.PDF
159686.SZ,20240119,,易方达中证100交易型开放式指数证券投资基金2023年第4季度报告,,https://static.cninfo.com.cn/finalpage/2024-01-19/1218945657.PDF
159686.SZ,20240119,,易方达基金管理有限公司旗下基金2023年第4季度报告提示性公告,,https://static.cninfo.com.cn/finalpage/2024-01-19/1218945809.PDF
159777.SZ,20240122,,国联安创业板科技交易型开放式指数证券投资基金2023年第4季度报告,,https://static.cninfo.com.cn/finalpage/2024-01-22/1218949786.PDF
159971.SZ,20240122,,富国创业板交易型开放式指数证券投资基金二0二三年第4季度报告,,https://static.cninfo.com.cn/finalpage/2024-01-22/1218956853.PDF
159543.SZ,20240206,,工银瑞信基金管理有限公司关于指定证券投资基金主流动性服务商的公告,,https://static.cninfo.com.cn/finalpage/2024-02-06/1219095293.PDF
159971.SZ,20240222,,富国基金管理有限公司关于新增广发证券股份有限公司为富国创业板交易型开放式指数证券投资基金申购赎回代理券商的公告,,https://static.cninfo.com.cn/finalpage/2024-02-22/1219146508.PDF
159531.SZ,20240226,,中证2000ETF：南方基金管理股份有限公司旗下部分ETF增加西南证券为一级交易商的公告,,https://disc.static.szse.cn/download/disc/disk03/finalpage/2024-02-26/d95eb9b5-0f8c-4232-aed3-c2c192230baa.PDF
159531.SZ,20240226,,南方基金管理股份有限公司旗下部分ETF增加西南证券为一级交易商的公告,,https://static.cninfo.com.cn/finalpage/2024-02-26/1219170427.PDF
159539.SZ,20240305,,关于广发国证信息技术创新主题交易型开放式指数证券投资基金连续45个工作日基金资产净值低于5000万元人民币的提示性公告,,https://static.cninfo.com.cn/finalpage/2024-03-05/1219229069.PDF
159620.SZ,20240315,,华夏基金管理有限公司关于旗下部分深交所ETF新增申购赎回代办证券公司的公告,,https://static.cninfo.com.cn/finalpage/2024-03-15/1219306313.PDF
159791.SZ,20240315,,华夏基金管理有限公司关于旗下部分深交所ETF新增申购赎回代办证券公司的公告,,https://static.cninfo.com.cn/finalpage/2024-03-15/1219306294.PDF
159787.SZ,20240316,,关于易方达中证全指建筑材料交易型开放式指数证券投资基金基金资产净值连续低于5000万元的提示性公告,,https://static.cninfo.com.cn/finalpage/2024-03-16/1219312612.PDF
159539.SZ,20240318,,广发基金管理有限公司关于增加山西证券为旗下部分ETF一级交易商的公告,,https://static.cninfo.com.cn/finalpage/2024-03-18/1219311396.PDF
159787.SZ,20240319,,关于易方达中证全指建筑材料交易型开放式指数证券投资基金可能触发基金合同终止情形的提示性公告,,https://static.cninfo.com.cn/finalpage/2024-03-19/1219330414.PDF
159791.SZ,20240325,,关于调整证券投资基金主流动性服务商的公告,,https://static.cninfo.com.cn/finalpage/2024-03-25/1219385803.PDF
159907.SZ,20240326,,关于广发国证2000交易型开放式指数证券投资基金实施基金份额拆分并调整最小申购、赎回单位的公告,,https://static.cninfo.com.cn/finalpage/2024-03-26/1219400299.PDF
159787.SZ,20240327,,易方达中证全指建筑材料交易型开放式指数证券投资基金更新的招募说明书,,https://static.cninfo.com.cn/finalpage/2024-03-27/1219412957.PDF
159791.SZ,20240328,,华夏沪深300ESG基准交易型开放式指数证券投资基金2023年年度报告,,https://static.cninfo.com.cn/finalpage/2024-03-28/1219424421.PDF
159653.SZ,20240329,,国联安国证ESG300交易型开放式指数证券投资基金2023年年度报告,,https://static.cninfo.com.cn/finalpage/2024-03-29/1219439626.PDF
159907.SZ,20240329,,广发国证2000交易型开放式指数证券投资基金2023年年度报告,,https://static.cninfo.com.cn/finalpage/2024-03-29/1219438944.PDF
159907.SZ,20240329,,广发国证2000交易型开放式指数证券投资基金更新的招募说明书,,https://static.cninfo.com.cn/finalpage/2024-03-29/1219443487.PDF
159907.SZ,20240329,,广发基金管理有限公司关于增加华创证券为旗下部分ETF一级交易商的公告,,https://static.cninfo.com.cn/finalpage/2024-03-29/1219443434.PDF
511770.SH,20240329,,金鹰基金管理有限公司旗下基金2023年年度报告提示性公告,定期报告(基金) 年度报告,https://www.sse.com.cn/disclosure/fund/announcement/c/new/2024-03-29/511770_20240329_2VZA.pdf
511770.SH,20240329,,金鹰现金增益交易型货币市场基金2023年年度报告,定期报告(基金) 年度报告,https://www.sse.com.cn/disclosure/fund/announcement/c/new/2024-03-29/511770_20240329_YY9Z.pdf
159907.SZ,20240401,,关于广发国证2000交易型开放式指数证券投资基金基金份额拆分结果的公告,,https://static.cninfo.com.cn/finalpage/2024-04-01/1219474317.PDF
159562.SZ,20240402,,华夏基金管理有限公司关于华夏中证沪深港黄金产业股票交易型开放式指数证券投资基金二级市场交易价格溢价风险提示及停牌公告,,https://static.cninfo.com.cn/finalpage/2024-04-02/1219491299.PDF
159562.SZ,20240403,,华夏基金管理有限公司关于华夏中证沪深港黄金产业股票交易型开放式指数证券投资基金二级市场交易价格溢价风险提示及停牌公告,,https://static.cninfo.com.cn/finalpage/2024-04-03/1219501592.PDF
159562.SZ,20240408,,华夏基金管理有限公司关于华夏中证沪深港黄金产业股票交易型开放式指数证券投资基金二级市场交易价格溢价风险提示及停牌公告,,https://static.cninfo.com.cn/finalpage/2024-04-08/1219516803.PDF
159562.SZ,20240408,,华夏基金管理有限公司关于华夏中证沪深港黄金产业股票交易型开放式指数证券投资基金流动性服务商的公告,,https://static.cninfo.com.cn/finalpage/2024-04-08/1219514910.PDF
515220.SH,20240408,,国泰基金管理有限公司关于国泰中证煤炭交易型开放式指数证券投资基金实施基金份额拆分及相关业务安排的公告,share_split 基金份额拆分,https://www.sse.com.cn/disclosure/fund/announcement/c/new/2024-04-08/515220_20240408_YF75.pdf
159562.SZ,20240409,,华夏基金管理有限公司关于华夏中证沪深港黄金产业股票交易型开放式指数证券投资基金二级市场交易价格溢价风险提示及停牌公告,,https://static.cninfo.com.cn/finalpage/2024-04-09/1219534977.PDF
159543.SZ,20240411,,工银瑞信国证2000交易型开放式指数证券投资基金基金资产净值连续低于5000万元的提示性公告,,https://static.cninfo.com.cn/finalpage/2024-04-11/1219566372.PDF
515220.SH,20240412,,国泰基金管理有限公司关于国泰中证煤炭交易型开放式指数证券投资基金基金份额拆分结果的公告,share_split 基金份额拆分,https://www.sse.com.cn/disclosure/fund/announcement/c/new/2024-04-12/515220_20240412_5CZN.pdf
159562.SZ,20240415,,华夏基金管理有限公司关于旗下部分深交所ETF新增东北证券股份有限公司为申购赎回代办证券公司的公告,,https://static.cninfo.com.cn/finalpage/2024-04-15/1219594508.PDF
159562.SZ,20240416,,华夏基金管理有限公司关于旗下部分深交所ETF新增申购赎回代办证券公司的公告,,https://static.cninfo.com.cn/finalpage/2024-04-16/1219619280.PDF
159517.SZ,20240417,,关于银华中证800增强策略交易型开放式指数证券投资基金基金资产净值低于5000万元的提示性公告,,https://static.cninfo.com.cn/finalpage/2024-04-17/1219636885.PDF
561200.SH,20240417,,工银瑞信基金管理有限公司关于工银瑞信中证100交易型开放式指数证券投资基金基金资产净值连续低于5000万元的提示性公告,临时报告(基金) 提示性公告,https://www.sse.com.cn/disclosure/fund/announcement/c/new/2024-04-17/561200_20240417_2CRE.pdf
159517.SZ,20240419,,银华中证800增强策略交易型开放式指数证券投资基金2024年第1季度报告,,https://static.cninfo.com.cn/finalpage/2024-04-19/1219674327.PDF
159527.SZ,20240419,,关于广发中证云计算与大数据主题交易型开放式指数证券投资基金连续30个工作日基金资产净值低于5000万元人民币的提示性公告,,https://static.cninfo.com.cn/finalpage/2024-04-19/1219664397.PDF
159527.SZ,20240419,,广发中证云计算与大数据主题交易型开放式指数证券投资基金2024年第1季度报告,,https://static.cninfo.com.cn/finalpage/2024-04-19/1219662484.PDF
159686.SZ,20240419,,易方达基金管理有限公司旗下部分ETF增加渤海证券为一级交易商的公告,,https://static.cninfo.com.cn/finalpage/2024-04-19/1219669902.PDF
159686.SZ,20240420,,易方达中证100交易型开放式指数证券投资基金2024年第1季度报告,,https://static.cninfo.com.cn/finalpage/2024-04-20/1219695484.PDF
159686.SZ,20240420,,易方达基金管理有限公司旗下基金2024年第1季度报告提示性公告,,https://static.cninfo.com.cn/finalpage/2024-04-20/1219695947.PDF
159543.SZ,20240422,,工银瑞信国证2000交易型开放式指数证券投资基金2024年第1季度报告,,https://static.cninfo.com.cn/finalpage/2024-04-22/1219702826.PDF
159777.SZ,20240422,,创科技ETF：国联安创业板科技交易型开放式指数证券投资基金2024年第1季度报告,,https://disc.static.szse.cn/download/disc/disk03/finalpage/2024-04-19/1a117aa3-6e27-4a5a-88b8-6137c9722570.PDF
159777.SZ,20240422,,国联安创业板科技交易型开放式指数证券投资基金2024年第1季度报告,,https://static.cninfo.com.cn/finalpage/2024-04-22/1219688012.PDF
561200.SH,20240422,,工银瑞信中证100交易型开放式指数证券投资基金2024年第1季度报告,定期报告(基金) 季度报告,https://www.sse.com.cn/disclosure/fund/announcement/c/new/2024-04-22/561200_20240422_I751.pdf
159686.SZ,20240423,,易方达基金管理有限公司关于提醒投资者及时提供或更新身份信息资料的公告,,https://static.cninfo.com.cn/finalpage/2024-04-23/1219740429.PDF
159527.SZ,20240424,,广发基金管理有限公司关于增加联储证券为旗下部分ETF一级交易商的公告,,https://static.cninfo.com.cn/finalpage/2024-04-24/1219765174.PDF
159527.SZ,20240508,,关于广发中证云计算与大数据主题交易型开放式指数证券投资基金连续40个工作日基金资产净值低于5000万元人民币的提示性公告,,https://static.cninfo.com.cn/finalpage/2024-05-08/1219998344.PDF
159527.SZ,20240514,,广发基金管理有限公司关于董事长变更的公告,,https://static.cninfo.com.cn/finalpage/2024-05-14/1220042324.PDF
159539.SZ,20240514,,广发基金管理有限公司关于董事长变更的公告,,https://static.cninfo.com.cn/finalpage/2024-05-14/1220042325.PDF
159527.SZ,20240517,,广发基金管理有限公司关于增加渤海证券为旗下部分ETF一级交易商的公告,,https://static.cninfo.com.cn/finalpage/2024-05-17/1220073492.PDF
159539.SZ,20240517,,广发基金管理有限公司关于增加渤海证券为旗下部分ETF一级交易商的公告,,https://static.cninfo.com.cn/finalpage/2024-05-17/1220073493.PDF
159787.SZ,20240523,,关于易方达中证全指建筑材料交易型开放式指数证券投资基金基金资产净值连续低于5000万元的提示性公告,,https://static.cninfo.com.cn/finalpage/2024-05-23/1220133566.PDF
588320.SH,20240608,,广发基金管理有限公司高级管理人员变更公告,基金管理人公告(基金) 基金管理人情况发生变更,https://www.sse.com.cn/disclosure/fund/announcement/c/new/2024-06-08/588320_20240608_IWG5.pdf
588320.SH,20240613,,关于以通讯方式召开广发中证科创创业50增强策略交易型开放式指数证券投资基金基金份额持有人大会的公告,基金运作(基金) 持有人大会,https://www.sse.com.cn/disclosure/fund/announcement/c/new/2024-06-13/588320_20240613_E6DV.pdf
588320.SH,20240614,,关于以通讯方式召开广发中证科创创业50增强策略交易型开放式指数证券投资基金基金份额持有人大会的第一次提示性公告,基金运作(基金) 持有人大会,https://www.sse.com.cn/disclosure/fund/announcement/c/new/2024-06-14/588320_20240614_673Q.pdf
588320.SH,20240617,,关于以通讯方式召开广发中证科创创业50增强策略交易型开放式指数证券投资基金基金份额持有人大会的第二次提示性公告,基金运作(基金) 持有人大会,https://www.sse.com.cn/disclosure/fund/announcement/c/new/2024-06-17/588320_20240617_6DP9.pdf
159527.SZ,20240619,,关于以通讯方式召开广发中证云计算与大数据主题交易型开放式指数证券投资基金基金份额持有人大会的公告,,https://static.cninfo.com.cn/finalpage/2024-06-19/1220389213.PDF
159527.SZ,20240620,,关于以通讯方式召开广发中证云计算与大数据主题交易型开放式指数证券投资基金基金份额持有人大会的第一次提示性公告,,https://static.cninfo.com.cn/finalpage/2024-06-20/1220400006.PDF
159527.SZ,20240621,,关于以通讯方式召开广发中证云计算与大数据主题交易型开放式指数证券投资基金基金份额持有人大会的第二次提示性公告,,https://static.cninfo.com.cn/finalpage/2024-06-21/1220414466.PDF
159527.SZ,20240624,,广发中证云计算与大数据主题交易型开放式指数证券投资基金基金产品资料概要更新,,https://static.cninfo.com.cn/finalpage/2024-06-24/1220426133.PDF
159527.SZ,20240624,,广发中证云计算与大数据主题交易型开放式指数证券投资基金更新的招募说明书,,https://static.cninfo.com.cn/finalpage/2024-06-24/1220426132.PDF
159543.SZ,20240626,,工银瑞信国证2000交易型开放式指数证券投资基金基金资产净值连续低于5000万元的提示性公告,,https://static.cninfo.com.cn/finalpage/2024-06-26/1220454163.PDF
159543.SZ,20240701,,关于工银瑞信国证2000交易型开放式指数证券投资基金流动性服务商终止的公告,,https://static.cninfo.com.cn/finalpage/2024-07-01/1220494628.PDF
159553.SZ,20240711,,关于海富通中证2000增强策略交易型开放式指数证券投资基金可能触发基金合同终止情形的提示性公告,,https://static.cninfo.com.cn/finalpage/2024-07-11/1220602766.PDF
159581.SZ,20240713,,万家中证红利交易型开放式指数证券投资基金分红公告,,https://static.cninfo.com.cn/finalpage/2024-07-13/1220624884.PDF
159553.SZ,20240718,,海富通基金管理有限公司关于新增兴业证券股份有限公司为海富通中证2000增强策略交易型开放式指数证券投资基金一级交易商的公告,,https://static.cninfo.com.cn/finalpage/2024-07-18/1220663581.PDF
159581.SZ,20240718,,万家中证红利交易型开放式指数证券投资基金2024年第2季度报告,,https://static.cninfo.com.cn/finalpage/2024-07-18/1220661907.PDF
159553.SZ,20240719,,海富通中证2000增强策略交易型开放式指数证券投资基金2024年第2季度报告,,https://static.cninfo.com.cn/finalpage/2024-07-19/1220676578.PDF
159553.SZ,20240724,,海富通基金管理有限公司关于以通讯方式召开海富通中证2000增强策略交易型开放式指数证券投资基金基金份额持有人大会的公告—定稿,,https://static.cninfo.com.cn/finalpage/2024-07-24/1220709932.PDF
159553.SZ,20240725,,海富通基金管理有限公司关于以通讯方式召开海富通中证2000增强策略交易型开放式指数证券投资基金基金份额持有人大会的第一次提示性公告,,https://static.cninfo.com.cn/finalpage/2024-07-25/1220719122.PDF
159553.SZ,20240726,,海富通基金管理有限公司关于以通讯方式召开海富通中证2000增强策略交易型开放式指数证券投资基金基金份额持有人大会的第二次提示性公告,,https://static.cninfo.com.cn/finalpage/2024-07-26/1220729960.PDF
159787.SZ,20240731,,关于易方达中证全指建筑材料交易型开放式指数证券投资基金基金资产净值连续低于5000万元的提示性公告,,https://static.cninfo.com.cn/finalpage/2024-07-31/1220755990.PDF
159787.SZ,20240801,,关于易方达中证全指建筑材料交易型开放式指数证券投资基金可能触发基金合同终止情形的提示性公告,,https://static.cninfo.com.cn/finalpage/2024-08-01/1220766278.PDF
159553.SZ,20240802,,海富通基金管理有限公司关于新增国金证券股份有限公司为海富通中证2000增强策略交易型开放式指数证券投资基金一级交易商的公告,,https://static.cninfo.com.cn/finalpage/2024-08-02/1220779100.PDF
159787.SZ,20240802,,关于易方达中证全指建筑材料交易型开放式指数证券投资基金可能触发基金合同终止情形的提示性公告,,https://static.cninfo.com.cn/finalpage/2024-08-02/1220779449.PDF
159787.SZ,20240807,,易方达基金管理有限公司旗下部分ETF增加华鑫证券为一级交易商的公告,,https://static.cninfo.com.cn/finalpage/2024-08-07/1220806826.PDF
159537.SZ,20240809,,关于国泰国证信息技术创新主题交易型开放式指数证券投资基金基金资产净值连续低于5000万元的提示性公告,,https://static.cninfo.com.cn/finalpage/2024-08-09/1220822617.PDF
562920.SH,20240810,,关于易方达中证信息安全主题交易型开放式指数证券投资基金基金资产净值连续低于5000万元的提示性公告,临时报告(基金) 提示性公告,https://www.sse.com.cn/disclosure/fund/announcement/c/new/2024-08-10/562920_20240810_P6Y3.pdf
159537.SZ,20240814,,关于以通讯方式召开国泰国证信息技术创新主题交易型开放式指数证券投资基金基金份额持有人大会的公告,,https://static.cninfo.com.cn/finalpage/2024-08-14/1220861301.PDF
159537.SZ,20240815,,关于以通讯方式召开国泰国证信息技术创新主题交易型开放式指数证券投资基金基金份额持有人大会的第一次提示性公告,,https://static.cninfo.com.cn/finalpage/2024-08-15/1220870180.PDF
159537.SZ,20240816,,关于以通讯方式召开国泰国证信息技术创新主题交易型开放式指数证券投资基金基金份额持有人大会的第二次提示性公告,,https://static.cninfo.com.cn/finalpage/2024-08-16/1220878148.PDF
562920.SH,20240816,,易方达中证信息安全主题交易型开放式指数证券投资基金基金产品资料概要更新,基金运作(基金) 更新招募类/产品资料概要公告及文件,https://www.sse.com.cn/disclosure/fund/announcement/c/new/2024-08-16/562920_20240816_5MPD.pdf
159540.SZ,20240830,,易方达国证信息技术创新主题交易型开放式指数证券投资基金2024年中期报告,,https://static.cninfo.com.cn/finalpage/2024-08-30/1221058614.PDF
159540.SZ,20240830,,易方达基金管理有限公司旗下基金2024年中期报告提示性公告,,https://static.cninfo.com.cn/finalpage/2024-08-30/1221058364.PDF
159540.SZ,20240906,,易方达基金管理有限公司旗下部分ETF增加爱建证券为一级交易商的公告,,https://static.cninfo.com.cn/finalpage/2024-09-06/1221147669.PDF
159001.SZ,20240925,,货币ETF：易方达保证金收益货币市场基金（易方达保证金货币A）基金产品资料概要更新,,https://disc.static.szse.cn/download/disc/disk03/finalpage/2024-09-24/62457f72-668c-41fe-be88-f2241f6ffe20.PDF
159001.SZ,20240925,,货币ETF：易方达保证金收益货币市场基金（易方达保证金货币B）基金产品资料概要更新,,https://disc.static.szse.cn/download/disc/disk03/finalpage/2024-09-24/706f7865-e6ae-4cca-807f-1f81c83e3f1f.PDF
159777.SZ,20240925,,创科技ETF：国联安基金管理有限公司关于以通讯方式召开国联安创业板科技交易型开放式指数证券投资基金基金份额持有人大会的公告,,https://disc.static.szse.cn/download/disc/disk03/finalpage/2024-09-25/f84cafef-62b8-4bcb-84ad-b4c4f52a42ea.PDF
159777.SZ,20240925,,国联安基金管理有限公司关于以通讯方式召开国联安创业板科技交易型开放式指数证券投资基金基金份额持有人大会的公告,,https://static.cninfo.com.cn/finalpage/2024-09-25/1221280693.PDF
159777.SZ,20240926,,创科技ETF：国联安基金管理有限公司关于以通讯方式召开国联安创业板科技交易型开放式指数证券投资基金基金份额持有人大会的的第一次提示性公告,,https://disc.static.szse.cn/download/disc/disk03/finalpage/2024-09-26/eacd8ee8-4f75-4de0-9dc2-3af513ad4861.PDF
159777.SZ,20240926,,国联安基金管理有限公司关于以通讯方式召开国联安创业板科技交易型开放式指数证券投资基金基金份额持有人大会的的第一次提示性公告,,https://static.cninfo.com.cn/finalpage/2024-09-26/1221289457.PDF
159777.SZ,20240927,,创科技ETF：国联安基金管理有限公司关于以通讯方式召开国联安创业板科技交易型开放式指数证券投资基金基金份额持有人大会的的第二次提示性公告,,https://disc.static.szse.cn/download/disc/disk03/finalpage/2024-09-27/e854e85e-b302-4e56-8232-6c3c5f648793.PDF
159777.SZ,20240927,,国联安基金管理有限公司关于以通讯方式召开国联安创业板科技交易型开放式指数证券投资基金基金份额持有人大会的的第二次提示性公告,,https://static.cninfo.com.cn/finalpage/2024-09-27/1221304079.PDF
159001.SZ,20240928,,货币ETF：易方达保证金收益货币市场基金更新的招募说明书,,https://disc.static.szse.cn/download/disc/disk03/finalpage/2024-09-27/e9ad808a-1040-4854-bb82-48fd10a0b5f9.PDF
159777.SZ,20240928,,创科技ETF：国联安创业板科技交易型开放式指数证券投资基金溢价风险提示公告,,https://disc.static.szse.cn/download/disc/disk03/finalpage/2024-09-27/7cf5f0c1-2311-4c25-bbef-7395c1a17a6b.PDF
159777.SZ,20240928,,国联安创业板科技交易型开放式指数证券投资基金溢价风险提示公告,,https://static.cninfo.com.cn/finalpage/2024-09-28/1221313042.PDF
159821.SZ,20240928,,中银证券创业板交易型开放式指数证券投资基金溢价风险提示公告,,https://static.cninfo.com.cn/finalpage/2024-09-28/1221312844.PDF
159991.SZ,20240928,,招商创业板大盘交易型开放式指数证券投资基金溢价风险提示公告,,https://static.cninfo.com.cn/finalpage/2024-09-28/1221312738.PDF
159773.SZ,20240930,,华泰柏瑞基金管理有限公司关于华泰柏瑞创业板科技交易型开放式指数证券投资基金二级市场交易价格溢价风险提示公告,,https://static.cninfo.com.cn/finalpage/2024-09-30/1221312959.PDF
588010.SH,20240930,,博时上证科创板新材料交易型开放式指数证券投资基金更新招募说明书,基金运作(基金) 更新招募类/产品资料概要公告及文件,https://www.sse.com.cn/disclosure/fund/announcement/c/new/2024-09-30/588010_20240930_1FE6.pdf
159567.SZ,20241008,,银华基金管理股份有限公司关于旗下部分基金暂停及恢复申购、赎回、转换（如有）及定期定额投资业务的公告,,https://static.cninfo.com.cn/finalpage/2024-10-08/1221332220.PDF
159773.SZ,20241008,,华泰柏瑞基金管理有限公司关于华泰柏瑞创业板科技交易型开放式指数证券投资基金二级市场交易价格溢价风险提示公告,,https://static.cninfo.com.cn/finalpage/2024-10-08/1221329045.PDF
159777.SZ,20241008,,创科技ETF：国联安基金管理有限公司关于国联安创业板科技交易型开放式指数证券投资基金二级市场交易价格溢价风险提示及停牌公告,,https://disc.static.szse.cn/download/disc/disk03/finalpage/2024-09-30/39dd162b-ab82-4648-b743-e8a3da75c2bf.PDF
159777.SZ,20241008,,国联安基金管理有限公司关于国联安创业板科技交易型开放式指数证券投资基金二级市场交易价格溢价风险提示及停牌公告,,https://static.cninfo.com.cn/finalpage/2024-10-08/1221332689.PDF
159821.SZ,20241008,,中银证券创业板交易型开放式指数证券投资基金溢价风险提示公告及停牌公告,,https://static.cninfo.com.cn/finalpage/2024-10-08/1221329960.PDF
159991.SZ,20241008,,招商创业板大盘交易型开放式指数证券投资基金溢价风险提示公告,,https://static.cninfo.com.cn/finalpage/2024-10-08/1221330156.PDF
159773.SZ,20241009,,华泰柏瑞基金管理有限公司关于华泰柏瑞创业板科技交易型开放式指数证券投资基金二级市场交易价格溢价风险提示公告,,https://static.cninfo.com.cn/finalpage/2024-10-09/1221340938.PDF
159777.SZ,20241009,,创科技ETF：国联安基金管理有限公司关于国联安创业板科技交易型开放式指数证券投资基金二级市场交易价格溢价风险提示及停牌公告,,https://disc.static.szse.cn/download/disc/disk03/finalpage/2024-10-08/bab69480-4204-4b06-aaf7-eb25d4ea8244.PDF
159777.SZ,20241009,,国联安基金管理有限公司关于国联安创业板科技交易型开放式指数证券投资基金二级市场交易价格溢价风险提示及停牌公告,,https://static.cninfo.com.cn/finalpage/2024-10-09/1221341772.PDF
159821.SZ,20241009,,中银证券创业板交易型开放式指数证券投资基金溢价风险提示公告及停牌公告,,https://static.cninfo.com.cn/finalpage/2024-10-09/1221341797.PDF
159991.SZ,20241009,,招商创业板大盘交易型开放式指数证券投资基金溢价风险提示及停牌公告,,https://static.cninfo.com.cn/finalpage/2024-10-09/1221341982.PDF
588010.SH,20241009,,博时上证科创板新材料交易型开放式指数证券投资基金溢价风险提示公告,临时报告(基金) 提示性公告,https://www.sse.com.cn/disclosure/fund/announcement/c/new/2024-10-09/588010_20241009_OJ2J.pdf
588860.SH,20241009,,工银瑞信基金管理有限公司关于工银瑞信上证科创板生物医药交易型开放式指数证券投资基金二级市场交易价格溢价风险提示公告,临时报告(基金) 提示性公告,https://www.sse.com.cn/disclosure/fund/announcement/c/new/2024-10-09/588860_20241009_UKC4.pdf
159787.SZ,20241010,,关于易方达中证全指建筑材料交易型开放式指数证券投资基金基金资产净值连续低于5000万元的提示性公告,,https://static.cninfo.com.cn/finalpage/2024-10-10/1221354998.PDF
159717.SZ,20241017,,鹏华基金管理有限公司关于旗下部分基金增加华鑫证券有限责任公司为申购赎回代理券商的公告,,https://static.cninfo.com.cn/finalpage/2024-10-17/1221405679.PDF
159787.SZ,20241021,,易方达基金管理有限公司高级管理人员变更公告,,https://static.cninfo.com.cn/finalpage/2024-10-21/1221443866.PDF
159533.SZ,20241109,,博时基金管理有限公司关于博时中证2000交易型开放式指数证券投资基金可能触发基金合同终止情形的提示性公告,,https://static.cninfo.com.cn/finalpage/2024-11-09/1221660425.PDF
159533.SZ,20241129,,博时中证2000交易型开放式指数证券投资基金更新招募说明书,,https://static.cninfo.com.cn/finalpage/2024-11-29/1221877692.PDF
159533.SZ,20241129,,博时基金管理有限公司关于以通讯方式召开博时中证2000交易型开放式指数证券投资基金基金份额持有人大会的公告,,https://static.cninfo.com.cn/finalpage/2024-11-29/1221877730.PDF
159533.SZ,20241202,,博时基金管理有限公司关于以通讯方式召开博时中证2000交易型开放式指数证券投资基金基金份额持有人大会的第一次提示性公告,,https://static.cninfo.com.cn/finalpage/2024-12-02/1221889649.PDF
159533.SZ,20241203,,博时基金管理有限公司关于以通讯方式召开博时中证2000交易型开放式指数证券投资基金基金份额持有人大会的第二次提示性公告,,https://static.cninfo.com.cn/finalpage/2024-12-03/1221906405.PDF
159533.SZ,20241207,,博时基金管理有限公司关于高级管理人员变更的公告,,https://static.cninfo.com.cn/finalpage/2024-12-07/1221955935.PDF
159333.SZ,20241226,,万家中证港股通央企红利交易型开放式指数证券投资基金溢价风险提示公告,,https://static.cninfo.com.cn/finalpage/2024-12-26/1222142402.PDF
159333.SZ,20241226,,关于万家中证港股通央企红利交易型开放式指数证券投资基金新增流动性服务商的公告,,https://static.cninfo.com.cn/finalpage/2024-12-26/1222141753.PDF
159333.SZ,20241227,,万家中证港股通央企红利交易型开放式指数证券投资基金溢价风险提示及临时停牌的公告,,https://static.cninfo.com.cn/finalpage/2024-12-27/1222154529.PDF
159333.SZ,20241227,,万家基金管理有限公司关于旗下部分基金2024年底及2025年非港股通交易日暂停开放申购（含转换转入及定期定额投资）、赎回（含转换转出）业务的公告,,https://static.cninfo.com.cn/finalpage/2024-12-27/1222154658.PDF
159712.SZ,20250214,,国泰基金管理有限公司关于国泰中证港股通50交易型开放式指数证券投资基金二级市场交易价格溢价风险提示公告,,https://static.cninfo.com.cn/finalpage/2025-02-14/1222534854.PDF
159712.SZ,20250214,,国泰基金管理有限公司关于旗下部分交易型开放式基金新增江海证券有限公司为一级交易商的公告,,https://static.cninfo.com.cn/finalpage/2025-02-14/1222534737.PDF
159712.SZ,20250214,,港股通50ETF：国泰基金管理有限公司关于国泰中证港股通50交易型开放式指数证券投资基金二级市场交易价格溢价风险提示公告,,https://disc.static.szse.cn/download/disc/disk03/finalpage/2025-02-14/7eab53d6-1986-4fc6-b183-ad09069ee5e1.PDF
159712.SZ,20250214,,港股通50ETF：国泰基金管理有限公司关于旗下部分交易型开放式基金新增江海证券有限公司为一级交易商的公告,,https://disc.static.szse.cn/download/disc/disk03/finalpage/2025-02-13/e8e654a7-6bd5-4f2f-8001-ccc1e93a8775.PDF
159712.SZ,20250215,,开放日净值更正公告,,https://static.cninfo.com.cn/finalpage/2025-02-15/1222556873.pdf
159712.SZ,20250215,,港股通50ETF：开放日净值更正公告,,https://disc.static.szse.cn/download/disc/disk03/finalpage/2025-02-15/7d9bbf56-cb5c-4e71-b3f3-571b7cfcdcd9.pdf
159712.SZ,20250217,,国泰中证港股通50交易型开放式指数证券投资基金更新招募说明书（2025年第一号）,,https://static.cninfo.com.cn/finalpage/2025-02-17/1222544896.PDF
159712.SZ,20250217,,国泰基金管理有限公司关于旗下部分ETF调整替代金额处理程序的公告,,https://static.cninfo.com.cn/finalpage/2025-02-17/1222544885.PDF
159712.SZ,20250217,,港股通50ETF：国泰中证港股通50交易型开放式指数证券投资基金更新招募说明书（2025年第一号）,,https://disc.static.szse.cn/download/disc/disk03/finalpage/2025-02-17/8018447c-48f2-41df-8ad6-637d284501d0.PDF
159712.SZ,20250217,,港股通50ETF：国泰基金管理有限公司关于旗下部分ETF调整替代金额处理程序的公告,,https://disc.static.szse.cn/download/disc/disk03/finalpage/2025-02-17/c7783f4e-7a24-4be7-8808-e106758fc669.PDF
159712.SZ,20250221,,国泰基金管理有限公司关于旗下部分交易型开放式基金新增山西证券股份有限公司为一级交易商的公告,,https://static.cninfo.com.cn/finalpage/2025-02-21/1222592167.PDF
588790.SH,20250313,,博时基金管理有限公司关于博时上证科创板人工智能交易型开放式指数证券投资基金实施基金份额拆分并调整最小申购、赎回单位及相关业务安排的公告,share_split 基金份额拆分,https://www.sse.com.cn/disclosure/fund/announcement/c/new/2025-03-13/588790_20250313_WBPW.pdf
588790.SH,20250319,,博时基金管理有限公司关于博时上证科创板人工智能交易型开放式指数证券投资基金基金份额拆分结果的公告,share_split 基金份额拆分,https://www.sse.com.cn/disclosure/fund/announcement/c/new/2025-03-19/588790_20250319_ZM10.pdf
159712.SZ,20250422,,国泰中证港股通50交易型开放式指数证券投资基金2025年第1季度报告,,https://static.cninfo.com.cn/finalpage/2025-04-22/1223183213.PDF
159712.SZ,20250422,,国泰基金管理有限公司关于国泰中证港股通50交易型开放式指数证券投资基金二级市场交易价格溢价风险提示及停牌公告,,https://static.cninfo.com.cn/finalpage/2025-04-22/1223184071.PDF
159533.SZ,20250425,,关于博时基金管理有限公司旗下部分基金新增万和证券股份有限公司为申购、赎回代办券商的公告,,https://static.cninfo.com.cn/finalpage/2025-04-25/1223263989.PDF
512810.SH,20250617,,华宝基金管理有限公司关于华宝中证军工交易型开放式指数证券投资基金实施基金份额拆分并调整最小申购、赎回单位及相关业务安排的公告,share_split 基金份额拆分,https://www.sse.com.cn/disclosure/fund/announcement/c/new/2025-06-17/512810_20250617_V0RQ.pdf
512810.SH,20250623,,华宝基金管理有限公司关于华宝中证军工交易型开放式指数证券投资基金基金份额拆分结果的公告,share_split 基金份额拆分,https://www.sse.com.cn/disclosure/fund/announcement/c/new/2025-06-23/512810_20250623_MN62.pdf
159533.SZ,20250626,,博时中证2000交易型开放式指数证券投资基金基金产品资料概要更新,,https://static.cninfo.com.cn/finalpage/2025-06-26/1223981483.PDF
512800.SH,20250701,,华宝基金管理有限公司关于华宝中证银行交易型开放式指数证券投资基金实施基金份额拆分并调整最小申购、赎回单位及相关业务安排的公告,share_split 基金份额拆分,https://www.sse.com.cn/disclosure/fund/announcement/c/new/2025-07-01/512800_20250701_6LD2.pdf
159211.SZ,20250704,,富国基金管理有限公司关于新增方正证券股份有限公司为部分基金申购赎回代理券商的公告,,https://static.cninfo.com.cn/finalpage/2025-07-04/1224071363.PDF
159211.SZ,20250704,,深证100ETF富国：富国基金管理有限公司关于新增方正证券股份有限公司为部分基金申购赎回代理券商的公告,,https://disc.static.szse.cn/download/disc/disk03/finalpage/2025-07-03/042078dd-487c-48a3-984b-75deaa2c90b7.PDF
512800.SH,20250707,,华宝基金管理有限公司关于华宝中证银行交易型开放式指数证券投资基金基金份额拆分结果的公告,share_split 基金份额拆分,https://www.sse.com.cn/disclosure/fund/announcement/c/new/2025-07-07/512800_20250707_PJ9L.pdf
159787.SZ,20250710,,易方达基金管理有限公司关于董事变更情况的公告,,https://static.cninfo.com.cn/finalpage/2025-07-10/1224117955.PDF
159380.SZ,20250719,,西藏东财中证A500交易型开放式指数证券投资基金2025年第2季度报告,,https://static.cninfo.com.cn/finalpage/2025-07-19/1224213948.PDF
159533.SZ,20250721,,博时中证2000交易型开放式指数证券投资基金2025年第2季度报告,,https://static.cninfo.com.cn/finalpage/2025-07-21/1224213982.PDF
159787.SZ,20250721,,易方达中证全指建筑材料交易型开放式指数证券投资基金2025年第2季度报告,,https://static.cninfo.com.cn/finalpage/2025-07-21/1224216520.PDF
516750.SH,20250721,,富国中证全指建筑材料交易型开放式指数证券投资基金二0二五年第2季度报告,定期报告(基金) 季度报告,https://www.sse.com.cn/disclosure/fund/announcement/c/new/2025-07-21/516750_20250721_8H3U.pdf
159366.SZ,20250723,,永赢基金管理有限公司关于旗下部分基金增加申购赎回代理券商的公告,,https://static.cninfo.com.cn/finalpage/2025-07-23/1224255142.PDF
159787.SZ,20250728,,易方达中证全指建筑材料交易型开放式指数证券投资基金基金产品资料概要更新,,https://static.cninfo.com.cn/finalpage/2025-07-28/1224300918.PDF
512000.SH,20250729,,华宝基金管理有限公司关于华宝中证全指证券公司交易型开放式指数证券投资基金实施基金份额拆分并调整最小申购、赎回单位及相关业务安排的公告,share_split 基金份额拆分,https://www.sse.com.cn/disclosure/fund/announcement/c/new/2025-07-29/512000_20250729_PP6C.pdf
159533.SZ,20250730,,博时基金管理有限公司关于调整博时中证2000交易型开放式指数证券投资基金最小申购、赎回单位的公告,,https://static.cninfo.com.cn/finalpage/2025-07-30/1224328714.PDF
159533.SZ,20250731,,博时中证2000交易型开放式指数证券投资基金更新招募说明书,,https://static.cninfo.com.cn/finalpage/2025-07-31/1224340763.PDF
159787.SZ,20250801,,易方达中证全指建筑材料交易型开放式指数证券投资基金更新的招募说明书,,https://static.cninfo.com.cn/finalpage/2025-08-01/1224354963.PDF
159876.SZ,20250804,,华宝基金管理有限公司关于华宝中证有色金属交易型开放式指数证券投资基金基金份额拆分结果的公告,,https://static.cninfo.com.cn/finalpage/2025-08-04/1224369082.PDF
512000.SH,20250804,,华宝基金管理有限公司关于华宝中证全指证券公司交易型开放式指数证券投资基金基金份额拆分结果的公告,share_split 基金份额拆分,https://www.sse.com.cn/disclosure/fund/announcement/c/new/2025-08-04/512000_20250804_4S6G.pdf
562060.SH,20250805,,华宝基金管理有限公司关于华宝标普中国A股红利机会交易型开放式指数证券投资基金实施基金份额拆分并调整最小申购、赎回单位及相关业务安排的公告,share_split 基金份额拆分,https://www.sse.com.cn/disclosure/fund/announcement/c/new/2025-08-05/562060_20250805_ZIWB.pdf
159231.SZ,20250811,,华宝基金管理有限公司关于华宝国证通用航空产业交易型开放式指数证券投资基金基金份额拆分结果的公告,,https://static.cninfo.com.cn/finalpage/2025-08-11/1224442186.PDF
159567.SZ,20250811,,银华基金管理股份有限公司关于银华国证港股通创新药交易型开放式指数证券投资基金基金份额拆分结果的公告,,https://static.cninfo.com.cn/finalpage/2025-08-11/1224442644.PDF
562060.SH,20250811,,华宝基金管理有限公司关于华宝标普中国A股红利机会交易型开放式指数证券投资基金基金份额拆分结果的公告,share_split 基金份额拆分,https://www.sse.com.cn/disclosure/fund/announcement/c/new/2025-08-11/562060_20250811_LZHV.pdf
159219.SZ,20250813,,关于融通深证100交易型开放式指数证券投资基金新增申购赎回代办证券公司的公告,,https://static.cninfo.com.cn/finalpage/2025-08-13/1224460855.PDF
159219.SZ,20250813,,深证100ETF融通：关于融通深证100交易型开放式指数证券投资基金新增申购赎回代办证券公司的公告,,https://disc.static.szse.cn/download/disc/disk03/finalpage/2025-08-12/030c91dd-a6a3-4f29-a6f6-6b396048f643.PDF
159231.SZ,20250813,,华宝基金管理有限公司关于旗下部分基金增加流动性服务商的公告,,https://static.cninfo.com.cn/finalpage/2025-08-13/1224461141.PDF
159533.SZ,20250814,,博时基金管理有限公司关于以通讯方式召开博时中证2000交易型开放式指数证券投资基金基金份额持有人大会的公告,,https://static.cninfo.com.cn/finalpage/2025-08-14/1224472783.PDF
159533.SZ,20250815,,博时基金管理有限公司关于以通讯方式召开博时中证2000交易型开放式指数证券投资基金基金份额持有人大会的第一次提示性公告,,https://static.cninfo.com.cn/finalpage/2025-08-15/1224485238.PDF
159533.SZ,20250818,,博时基金管理有限公司关于以通讯方式召开博时中证2000交易型开放式指数证券投资基金基金份额持有人大会的第二次提示性公告,,https://static.cninfo.com.cn/finalpage/2025-08-18/1224496666.PDF
513770.SH,20250826,,华宝基金管理有限公司关于华宝中证港股通互联网交易型开放式指数证券投资基金实施基金份额拆分并调整最小申购、赎回单位及相关业务安排的公告,share_split 基金份额拆分,https://www.sse.com.cn/disclosure/fund/announcement/c/new/2025-08-26/513770_20250826_3ZME.pdf
159533.SZ,20250829,,博时中证2000交易型开放式指数证券投资基金2025年中期报告,,https://static.cninfo.com.cn/finalpage/2025-08-29/1224601215.PDF
159787.SZ,20250830,,易方达中证全指建筑材料交易型开放式指数证券投资基金2025年中期报告,,https://static.cninfo.com.cn/finalpage/2025-08-30/1224626331.PDF
513770.SH,20250901,,华宝基金管理有限公司关于华宝中证港股通互联网交易型开放式指数证券投资基金基金份额拆分结果的公告,share_split 基金份额拆分,https://www.sse.com.cn/disclosure/fund/announcement/c/new/2025-09-01/513770_20250901_2SJ0.pdf
515000.SH,20250902,,华宝基金管理有限公司关于华宝中证科技龙头交易型开放式指数证券投资基金实施基金份额拆分并调整最小申购、赎回单位及相关业务安排的公告,share_split 基金份额拆分,https://www.sse.com.cn/disclosure/fund/announcement/c/new/2025-09-02/515000_20250902_ECGC.pdf
516800.SH,20250902,,华宝基金管理有限公司关于华宝中证智能制造主题交易型开放式指数证券投资基金实施基金份额拆分并调整最小申购、赎回单位及相关业务安排的公告,share_split 基金份额拆分,https://www.sse.com.cn/disclosure/fund/announcement/c/new/2025-09-02/516800_20250902_3J7K.pdf
515000.SH,20250908,,华宝基金管理有限公司关于华宝中证科技龙头交易型开放式指数证券投资基金基金份额拆分结果的公告,share_split 基金份额拆分,https://www.sse.com.cn/disclosure/fund/announcement/c/new/2025-09-08/515000_20250908_I7H8.pdf
516800.SH,20250908,,华宝基金管理有限公司关于华宝中证智能制造主题交易型开放式指数证券投资基金基金份额拆分结果的公告,share_split 基金份额拆分,https://www.sse.com.cn/disclosure/fund/announcement/c/new/2025-09-08/516800_20250908_D165.pdf
515260.SH,20250909,,华宝基金管理有限公司关于华宝中证电子50交易型开放式指数证券投资基金实施基金份额拆分并调整最小申购、赎回单位及相关业务安排的公告,share_split 基金份额拆分,https://www.sse.com.cn/disclosure/fund/announcement/c/new/2025-09-09/515260_20250909_05TQ.pdf
515260.SH,20250915,,华宝基金管理有限公司关于华宝中证电子50交易型开放式指数证券投资基金基金份额拆分结果的公告,share_split 基金份额拆分,https://www.sse.com.cn/disclosure/fund/announcement/c/new/2025-09-15/515260_20250915_W1I4.pdf
159787.SZ,20250919,,易方达基金管理有限公司关于易方达中证全指建筑材料交易型开放式指数证券投资基金流动性服务商的公告,,https://static.cninfo.com.cn/finalpage/2025-09-19/1224667447.PDF
515980.SH,20250924,,华富基金管理有限公司关于华富中证人工智能产业交易型开放式指数证券投资基金实施基金份额拆分并调整最小申购、赎回单位及相关业务安排的公告,share_split 基金份额拆分,https://www.sse.com.cn/disclosure/fund/announcement/c/new/2025-09-24/515980_20250924_X7WZ.pdf
159533.SZ,20250930,,博时中证2000交易型开放式指数证券投资基金更新招募说明书,,https://static.cninfo.com.cn/finalpage/2025-09-30/1224689099.PDF
159787.SZ,20250930,,易方达基金管理有限公司高级管理人员变更公告,,https://static.cninfo.com.cn/finalpage/2025-09-30/1224693224.PDF
515980.SH,20250930,,华富基金管理有限公司关于华富中证人工智能产业交易型开放式指数证券投资基金基金份额拆分结果的公告,share_split 基金份额拆分,https://www.sse.com.cn/disclosure/fund/announcement/c/new/2025-09-30/515980_20250930_Z77F.pdf
159533.SZ,20251016,,博时基金管理有限公司关于高级管理人员变更的公告,,https://static.cninfo.com.cn/finalpage/2025-10-16/1224714400.PDF
159596.SZ,20251020,,华宝基金管理有限公司关于华宝中证A50交易型开放式指数证券投资基金基金份额拆分结果的公告,,https://static.cninfo.com.cn/finalpage/2025-10-20/1224719474.PDF
588860.SH,20251021,,工银瑞信基金管理有限公司关于工银瑞信上证科创板生物医药交易型开放式指数证券投资基金实施基金份额拆分并调整最小申购、赎回单位及相关业务安排的公告,share_split 基金份额拆分,https://www.sse.com.cn/disclosure/fund/announcement/c/new/2025-10-21/588860_20251021_E5AT.pdf
159318.SZ,20251027,,银华基金管理股份有限公司关于旗下部分基金暂停及恢复申购、赎回、转换（如有）及定期定额投资业务的公告,,https://static.cninfo.com.cn/finalpage/2025-10-27/1224735392.PDF
159318.SZ,20251027,,银华恒指港股通交易型开放式指数证券投资基金2025年第3季度报告,,https://static.cninfo.com.cn/finalpage/2025-10-27/1224737307.PDF
588860.SH,20251027,,工银瑞信基金管理有限公司关于工银瑞信上证科创板生物医药交易型开放式指数证券投资基金基金份额拆分结果的公告,share_split 基金份额拆分,https://www.sse.com.cn/disclosure/fund/announcement/c/new/2025-10-27/588860_20251027_0VCX.pdf
159533.SZ,20251028,,博时中证2000交易型开放式指数证券投资基金2025年第3季度报告,,https://static.cninfo.com.cn/finalpage/2025-10-28/1224739262.PDF
159787.SZ,20251028,,易方达中证全指建筑材料交易型开放式指数证券投资基金2025年第3季度报告,,https://static.cninfo.com.cn/finalpage/2025-10-28/1224744541.PDF
159787.SZ,20251103,,易方达基金管理有限公司旗下部分ETF增加中航证券为一级交易商的公告,,https://static.cninfo.com.cn/finalpage/2025-11-03/1224779545.PDF
562000.SH,20251104,,华宝基金管理有限公司关于华宝中证A100交易型开放式指数证券投资基金实施基金份额拆分并调整最小申购、赎回单位及相关业务安排的公告,share_split 基金份额拆分,https://www.sse.com.cn/disclosure/fund/announcement/c/new/2025-11-04/562000_20251104_ZGXI.pdf
562080.SH,20251104,,华宝基金管理有限公司关于华宝沪深300自由现金流交易型开放式指数证券投资基金实施基金份额拆分并调整最小申购、赎回单位及相关业务安排的公告,share_split 基金份额拆分,https://www.sse.com.cn/disclosure/fund/announcement/c/new/2025-11-04/562080_20251104_794H.pdf
159220.SZ,20251110,,华宝基金管理有限公司关于华宝标普港股通低波红利交易型开放式指数证券投资基金基金份额拆分结果的公告,,https://static.cninfo.com.cn/finalpage/2025-11-10/1224794202.PDF
159533.SZ,20251110,,博时基金管理有限公司关于博时中证2000交易型开放式指数证券投资基金基金份额持有人大会计票日开始停牌的提示性公告,,https://static.cninfo.com.cn/finalpage/2025-11-10/1224791967.PDF
562000.SH,20251110,,华宝基金管理有限公司关于华宝中证A100交易型开放式指数证券投资基金基金份额拆分结果的公告,share_split 基金份额拆分,https://www.sse.com.cn/disclosure/fund/announcement/c/new/2025-11-10/562000_20251110_5718.pdf
562080.SH,20251110,,华宝基金管理有限公司关于华宝沪深300自由现金流交易型开放式指数证券投资基金基金份额拆分结果的公告,share_split 基金份额拆分,https://www.sse.com.cn/disclosure/fund/announcement/c/new/2025-11-10/562080_20251110_LBMK.pdf
159533.SZ,20251111,,关于博时中证2000交易型开放式指数证券投资基金基金份额持有人大会会议情况的公告,,https://static.cninfo.com.cn/finalpage/2025-11-11/1224795265.PDF
159533.SZ,20251112,,博时基金管理有限公司关于高级管理人员变更的公告,,https://static.cninfo.com.cn/finalpage/2025-11-12/1224798033.PDF
159533.SZ,20251114,,关于博时中证2000交易型开放式指数证券投资基金新增华宝证券为申购、赎回代办券商的公告,,https://static.cninfo.com.cn/finalpage/2025-11-14/1224802856.PDF
159787.SZ,20251118,,易方达中证全指建筑材料交易型开放式指数证券投资基金基金产品资料概要更新,,https://static.cninfo.com.cn/finalpage/2025-11-18/1224811466.PDF
159533.SZ,20251126,,关于博时中证2000交易型开放式指数证券投资基金新增东方证券为申购、赎回代办券商的公告,,https://static.cninfo.com.cn/finalpage/2025-11-26/1224824333.PDF
159787.SZ,20251129,,易方达中证全指建筑材料交易型开放式指数证券投资基金基金经理变更公告,,https://static.cninfo.com.cn/finalpage/2025-11-29/1224836288.PDF
159971.SZ,20251202,,关于富国创业板交易型开放式指数证券投资基金基金份额拆分结果的公告,,https://static.cninfo.com.cn/finalpage/2025-12-02/1224842088.PDF
159787.SZ,20251203,,易方达中证全指建筑材料交易型开放式指数证券投资基金基金产品资料概要更新,,https://static.cninfo.com.cn/finalpage/2025-12-03/1224845398.PDF
159787.SZ,20251203,,易方达中证全指建筑材料交易型开放式指数证券投资基金更新的招募说明书,,https://static.cninfo.com.cn/finalpage/2025-12-03/1224845396.PDF
159533.SZ,20251208,,关于博时基金管理有限公司旗下部分基金新增世纪证券为申购、赎回代办券商的公告,,https://static.cninfo.com.cn/finalpage/2025-12-08/1224852895.PDF
159636.SZ,20251208,,港股通科技30ETF：工银瑞信基金管理有限公司关于工银瑞信国证港股通科技交易型开放式指数证券投资基金基金份额拆分结果的公告,,https://disc.static.szse.cn/download/disc/disk03/finalpage/2025-12-08/ed4a78bb-e6c0-4478-bb5b-887e406b33a4.PDF
159787.SZ,20251222,,易方达基金管理有限公司旗下部分ETF增加世纪证券为一级交易商的公告,,https://static.cninfo.com.cn/finalpage/2025-12-22/1224888531.PDF
159970.SZ,20251222,,深100ETF工银：工银瑞信基金管理有限公司关于工银瑞信深证100交易型开放式指数证券投资基金基金份额拆分结果的公告,,https://disc.static.szse.cn/download/disc/disk03/finalpage/2025-12-22/f1497d58-2461-41f2-85f3-a205c076e402.PDF
159787.SZ,20251227,,易方达中证全指建筑材料交易型开放式指数证券投资基金基金经理变更公告,,https://static.cninfo.com.cn/finalpage/2025-12-27/1224900117.PDF
159312.SZ,20251229,,关于广发恒指港股通交易型开放式指数证券投资基金暂停申购与赎回业务的公告,,https://static.cninfo.com.cn/finalpage/2025-12-29/1224900146.PDF
159312.SZ,20251229,,广发恒指港股通交易型开放式指数证券投资基金溢价风险提示及停牌公告,,https://static.cninfo.com.cn/finalpage/2025-12-29/1224899866.PDF
159312.SZ,20251229,,恒生ETF港股通：关于广发恒指港股通交易型开放式指数证券投资基金暂停申购与赎回业务的公告,,https://disc.static.szse.cn/download/disc/disk03/finalpage/2025-12-29/6c1dfe32-f60d-4077-8b28-378d25d6270f.PDF
159312.SZ,20251229,,恒生ETF港股通：广发恒指港股通交易型开放式指数证券投资基金溢价风险提示及停牌公告,,https://disc.static.szse.cn/download/disc/disk03/finalpage/2025-12-29/45224f4d-c021-4af7-a523-dcf55bb01ece.PDF
159312.SZ,20251230,,广发基金管理有限公司关于旗下部分ETF变更场内简称、扩位证券简称的公告,,https://static.cninfo.com.cn/finalpage/2025-12-30/1224903292.PDF
159312.SZ,20251230,,广发恒指港股通交易型开放式指数证券投资基金溢价风险提示公告,,https://static.cninfo.com.cn/finalpage/2025-12-30/1224903211.PDF
159312.SZ,20251230,,恒生ETF港股通：广发基金管理有限公司关于旗下部分ETF变更场内简称、扩位证券简称的公告,,https://disc.static.szse.cn/download/disc/disk03/finalpage/2025-12-30/f8502b49-7815-4009-b2e3-b48f30b871da.PDF
159312.SZ,20251230,,恒生ETF港股通：广发恒指港股通交易型开放式指数证券投资基金溢价风险提示公告,,https://disc.static.szse.cn/download/disc/disk03/finalpage/2025-12-30/0ff958e1-3e4e-407a-badc-2d380c0ce8d8.PDF
159533.SZ,20251230,,关于新增东方证券股份有限公司为部分基金流动性服务商的公告,,https://static.cninfo.com.cn/finalpage/2025-12-30/1224903028.PDF
159787.SZ,20251231,,易方达中证全指建筑材料交易型开放式指数证券投资基金基金产品资料概要更新,,https://static.cninfo.com.cn/finalpage/2025-12-31/1224911695.PDF
159787.SZ,20251231,,易方达中证全指建筑材料交易型开放式指数证券投资基金更新的招募说明书,,https://static.cninfo.com.cn/finalpage/2025-12-31/1224911696.PDF
159787.SZ,20260105,,易方达基金管理有限公司高级管理人员变更公告,,https://static.cninfo.com.cn/finalpage/2026-01-05/1224916990.PDF
159717.SZ,20260108,,鹏华基金管理有限公司关于旗下部分基金增加东方证券股份有限公司为申购赎回代理券商的公告,,https://static.cninfo.com.cn/finalpage/2026-01-08/1224923025.PDF
516190.SH,20260112,,华夏中证文娱传媒交易型开放式指数证券投资基金基金产品资料概要更新,基金运作(基金) 更新招募类/产品资料概要公告及文件,https://www.sse.com.cn/disclosure/fund/announcement/c/new/2026-01-12/516190_20260112_L0V3.pdf
516190.SH,20260112,,华夏基金管理有限公司关于变更旗下部分上交所ETF扩位证券简称的公告,临时报告(基金) 基金名称、简称变更,https://www.sse.com.cn/disclosure/fund/announcement/c/new/2026-01-12/516190_20260112_DT11.pdf
516190.SH,20260114,,华夏基金管理有限公司关于调整华夏中证文娱传媒交易型开放式指数证券投资基金最小申购、赎回单位的公告,临时报告(基金) 其他事项,https://www.sse.com.cn/disclosure/fund/announcement/c/new/2026-01-14/516190_20260114_YHFE.pdf
159533.SZ,20260122,,博时中证2000交易型开放式指数证券投资基金2025年第4季度报告,,https://static.cninfo.com.cn/finalpage/2026-01-22/1224944053.PDF
159787.SZ,20260122,,易方达中证全指建筑材料交易型开放式指数证券投资基金2025年第4季度报告,,https://static.cninfo.com.cn/finalpage/2026-01-22/1224944041.PDF
515880.SH,20260128,,国泰基金管理有限公司关于国泰中证全指通信设备交易型开放式指数证券投资基金实施基金份额拆分并调整最小申购、赎回单位及相关业务安排的公告,share_split 基金份额拆分,https://www.sse.com.cn/disclosure/fund/announcement/c/new/2026-01-28/515880_20260128_CJ9L.pdf
159533.SZ,20260202,,博时基金管理有限公司关于旗下部分深交所ETF变更场内简称的公告,,https://static.cninfo.com.cn/finalpage/2026-02-02/1224957610.PDF
159787.SZ,20260202,,易方达基金管理有限公司旗下部分ETF增加粤开证券为一级交易商的公告,,https://static.cninfo.com.cn/finalpage/2026-02-02/1224957603.PDF
515880.SH,20260203,,国泰基金管理有限公司关于国泰中证全指通信设备交易型开放式指数证券投资基金基金份额拆分结果的公告,share_split 基金份额拆分,https://www.sse.com.cn/disclosure/fund/announcement/c/new/2026-02-03/515880_20260203_8390.pdf
588780.SH,20260203,,国联安基金管理有限公司关于国联安上证科创板芯片设计主题交易型开放式指数证券投资基金基金份额拆分结果的公告,基金运作(基金) 基金折算/拆分,https://www.sse.com.cn/disclosure/fund/announcement/c/new/2026-02-03/588780_20260203_Q6ER.pdf
159533.SZ,20260204,,博时中证2000交易型开放式指数证券投资基金基金产品资料概要更新,,https://static.cninfo.com.cn/finalpage/2026-02-04/1224965095.PDF
159994.SZ,20260209,,银华基金管理股份有限公司关于银华中证5G通信主题交易型开放式指数证券投资基金基金份额拆分结果的公告,,https://static.cninfo.com.cn/finalpage/2026-02-09/1224972085.PDF
159533.SZ,20260210,,关于博时基金管理有限公司旗下部分基金新增国联民生证券为申购、赎回代办券商的公告,,https://static.cninfo.com.cn/finalpage/2026-02-10/1224972280.PDF
159787.SZ,20260212,,易方达中证全指建筑材料交易型开放式指数证券投资基金基金产品资料概要更新,,https://static.cninfo.com.cn/finalpage/2026-02-12/1224978049.PDF
159246.SZ,20260213,,关于富国创业板人工智能交易型开放式指数证券投资基金基金份额拆分结果的公告,,https://static.cninfo.com.cn/finalpage/2026-02-13/1224980186.PDF
159533.SZ,20260213,,关于博时基金管理有限公司旗下部分基金新增中国国际金融股份有限公司为申购、赎回代办券商的公告,,https://static.cninfo.com.cn/finalpage/2026-02-13/1224978722.PDF
159533.SZ,20260214,,博时基金管理有限公司关于高级管理人员变更的公告,,https://static.cninfo.com.cn/finalpage/2026-02-14/1224981691.PDF
512760.SH,20260323,,国泰基金管理有限公司关于国泰CES半导体芯片行业交易型开放式指数证券投资基金实施基金份额拆分并调整最小申购、赎回单位及相关业务安排的公告,share_split 基金份额拆分,https://www.sse.com.cn/disclosure/fund/announcement/c/new/2026-03-23/512760_20260323_B2SJ.pdf
159533.SZ,20260325,,关于博时基金管理有限公司旗下部分基金新增瑞银证券为申购、赎回代办券商的公告,,https://static.cninfo.com.cn/finalpage/2026-03-25/1225027568.PDF
512760.SH,20260327,,国泰基金管理有限公司关于国泰CES半导体芯片行业交易型开放式指数证券投资基金基金份额拆分结果的公告,share_split 基金份额拆分,https://www.sse.com.cn/disclosure/fund/announcement/c/new/2026-03-27/512760_20260327_2DS9.pdf
159533.SZ,20260331,,博时中证2000交易型开放式指数证券投资基金2025年年度报告,,https://static.cninfo.com.cn/finalpage/2026-03-31/1225056091.PDF
159787.SZ,20260331,,易方达中证全指建筑材料交易型开放式指数证券投资基金2025年年度报告,,https://static.cninfo.com.cn/finalpage/2026-03-31/1225057961.PDF
159787.SZ,20260331,,易方达基金管理有限公司旗下公募基金通过证券公司证券交易及佣金支付情况（2025年度）,,https://static.cninfo.com.cn/finalpage/2026-03-31/1225050101.PDF
513660.SH,20260415,,华夏基金管理有限公司关于华夏沪港通恒生交易型开放式指数证券投资基金实施基金份额拆分并调整最小申购、赎回单位及相关业务安排的公告,share_split 基金份额拆分,https://www.sse.com.cn/disclosure/fund/announcement/c/new/2026-04-15/513660_20260415_B0EF.pdf
159787.SZ,20260420,,易方达基金管理有限公司关于旗下部分基金新增流动性服务商的公告,,https://static.cninfo.com.cn/finalpage/2026-04-20/1225114955.PDF
513660.SH,20260421,,华夏基金管理有限公司关于华夏沪港通恒生交易型开放式指数证券投资基金基金份额拆分结果及调整最小申购、赎回单位并恢复相关业务的公告,share_split 基金份额拆分,https://www.sse.com.cn/disclosure/fund/announcement/c/new/2026-04-21/513660_20260421_ASND.pdf
560660.SH,20260421,,关于新华中证云计算50交易型开放式指数证券投资基金实施基金份额拆分业务的公告,share_split 基金份额拆分,https://www.sse.com.cn/disclosure/fund/announcement/c/new/2026-04-21/560660_20260421_7ANC.pdf
159533.SZ,20260422,,博时中证2000交易型开放式指数证券投资基金2026年第1季度报告,,https://static.cninfo.com.cn/finalpage/2026-04-22/1225136949.PDF
159787.SZ,20260422,,易方达中证全指建筑材料交易型开放式指数证券投资基金2026年第1季度报告,,https://static.cninfo.com.cn/finalpage/2026-04-22/1225136584.PDF
560660.SH,20260427,,关于新华中证云计算50交易型开放式指数证券投资基金基金份额拆分结果的公告,share_split 基金份额拆分,https://www.sse.com.cn/disclosure/fund/announcement/c/new/2026-04-27/560660_20260427_K026.pdf
515050.SH,20260507,,华夏基金管理有限公司关于华夏中证5G通信主题交易型开放式指数证券投资基金实施基金份额拆分相关业务安排的公告,share_split 基金份额拆分,https://www.sse.com.cn/disclosure/fund/announcement/c/new/2026-05-07/515050_20260507_Z8CM.pdf
515050.SH,20260513,,华夏基金管理有限公司关于华夏中证5G通信主题交易型开放式指数证券投资基金份额拆分结果及恢复相关业务的公告,share_split 基金份额拆分,https://www.sse.com.cn/disclosure/fund/announcement/c/new/2026-05-13/515050_20260513_P4D1.pdf
159787.SZ,20260519,,易方达中证全指建筑材料交易型开放式指数证券投资基金基金产品资料概要更新,,https://static.cninfo.com.cn/finalpage/2026-05-19/1225315050.PDF
159305.SZ,20260521,,关于广发国证新能源电池交易型开放式指数证券投资基金基金份额拆分结果的公告,,https://static.cninfo.com.cn/finalpage/2026-05-21/1225321575.PDF
512930.SH,20260521,,平安中证人工智能主题交易型开放式指数证券投资基金基金产品资料概要更新,基金运作(基金) 更新招募类/产品资料概要公告及文件,https://www.sse.com.cn/disclosure/fund/announcement/c/new/2026-05-21/512930_20260521_CF28.pdf
512930.SH,20260521,,平安中证人工智能主题交易型开放式指数证券投资基金基金经理变更公告,临时报告(基金) 基金经理相关,https://www.sse.com.cn/disclosure/fund/announcement/c/new/2026-05-21/512930_20260521_FXRO.pdf
512930.SH,20260521,,平安中证人工智能主题交易型开放式指数证券投资基金招募说明书（更新）,基金运作(基金) 更新招募类/产品资料概要公告及文件,https://www.sse.com.cn/disclosure/fund/announcement/c/new/2026-05-21/512930_20260521_UT8D.pdf
512930.SH,20260522,,平安基金管理有限公司关于平安中证人工智能主题交易型开放式指数证券投资基金基金份额拆分结果的公告,基金运作(基金) 基金折算/拆分,https://www.sse.com.cn/disclosure/fund/announcement/c/new/2026-05-22/512930_20260522_RO7M.pdf
159787.SZ,20260526,,易方达基金管理有限公司旗下部分ETF增加万和证券为一级交易商的公告,,https://static.cninfo.com.cn/finalpage/2026-05-26/1225328708.PDF
159507.SZ,20260605,,广发国证通信交易型开放式指数证券投资基金基金产品资料概要更新,,https://static.cninfo.com.cn/finalpage/2026-06-05/1225350828.PDF
159507.SZ,20260605,,广发国证通信交易型开放式指数证券投资基金更新的招募说明书,,https://static.cninfo.com.cn/finalpage/2026-06-05/1225350827.PDF
159507.SZ,20260609,,关于广发国证通信交易型开放式指数证券投资基金基金份额拆分结果的公告,,https://static.cninfo.com.cn/finalpage/2026-06-09/1225358702.PDF
159546.SZ,20260610,,集成电路ETF国泰：国泰中证全指集成电路交易型开放式指数证券投资基金更新招募说明书（2026年第一号）,,https://disc.static.szse.cn/download/disc/disk03/finalpage/2026-06-10/99e58252-eb39-4cd0-894f-e360896e29b7.PDF
159546.SZ,20260610,,集成电路ETF国泰：国泰基金管理有限公司关于国泰中证全指集成电路交易型开放式指数证券投资基金基金份额拆分结果的公告,,https://disc.static.szse.cn/download/disc/disk03/finalpage/2026-06-10/2eafd59e-c07f-463b-9a24-b122347c99e9.PDF
159546.SZ,20260610,,集成电路ETF国泰：国泰基金管理有限公司关于旗下部分基金可投资科创板股票及相关风险提示的公告,,https://disc.static.szse.cn/download/disc/disk03/finalpage/2026-06-10/0cbefe68-5d1d-429a-a728-aaa09d68c446.PDF
159667.SZ,20260610,,国泰中证机床交易型开放式指数证券投资基金更新招募说明书（2026年第一号）,,https://static.cninfo.com.cn/finalpage/2026-06-10/1225359361.PDF
159667.SZ,20260610,,国泰基金管理有限公司关于国泰中证机床交易型开放式指数证券投资基金基金份额拆分结果的公告,,https://static.cninfo.com.cn/finalpage/2026-06-10/1225361557.PDF
159533.SZ,20260612,,关于博时基金管理有限公司旗下部分基金新增华鑫证券为申购、赎回代办券商的公告,,https://static.cninfo.com.cn/finalpage/2026-06-12/1225364359.PDF
159787.SZ,20260615,,易方达基金管理有限公司旗下部分ETF增加华源证券为一级交易商的公告,,https://static.cninfo.com.cn/finalpage/2026-06-15/1225366715.PDF
159787.SZ,20260618,,易方达中证全指建筑材料交易型开放式指数证券投资基金基金产品资料概要更新,,https://static.cninfo.com.cn/finalpage/2026-06-18/1225376977.PDF
561330.SH,20260618,,国泰基金管理有限公司关于国泰中证有色金属矿业主题交易型开放式指数证券投资基金实施基金份额拆分及相关业务安排的公告,share_split 基金份额拆分,https://www.sse.com.cn/disclosure/fund/announcement/c/new/2026-06-18/561330_20260618_3GLK.pdf
560780.SH,20260622,,关于广发中证半导体材料设备主题交易型开放式指数证券投资基金实施基金份额拆分并调整最小申购、赎回单位及相关业务安排的公告,share_split 基金份额拆分,https://www.sse.com.cn/disclosure/fund/announcement/c/new/2026-06-22/560780_20260622_NUF9.pdf
561980.SH,20260622,,招商基金管理有限公司关于招商中证半导体产业交易型开放式指数证券投资基金实施基金份额拆分及调整最小申购、赎回单位相关业务安排的公告,share_split 基金份额拆分,https://www.sse.com.cn/disclosure/fund/announcement/c/new/2026-06-22/561980_20260622_1FQ0.pdf
561330.SH,20260625,,国泰基金管理有限公司关于国泰中证有色金属矿业主题交易型开放式指数证券投资基金基金份额拆分结果的公告,share_split 基金份额拆分,https://www.sse.com.cn/disclosure/fund/announcement/c/new/2026-06-25/561330_20260625_IWKV.pdf
159533.SZ,20260626,,博时中证2000交易型开放式指数证券投资基金基金产品资料概要更新,,https://static.cninfo.com.cn/finalpage/2026-06-26/1225387799.PDF
159787.SZ,20260626,,易方达中证全指建筑材料交易型开放式指数证券投资基金更新的招募说明书,,https://static.cninfo.com.cn/finalpage/2026-06-26/1225388947.PDF
159881.SZ,20260626,,有色金属ETF国泰：国泰基金管理有限公司关于国泰中证有色金属交易型开放式指数证券投资基金基金份额拆分结果的公告,,https://disc.static.szse.cn/download/disc/disk03/finalpage/2026-06-26/f751af2e-a111-45f3-a3ee-2812464390dd.PDF
560780.SH,20260626,,关于广发中证半导体材料设备主题交易型开放式指数证券投资基金基金份额拆分结果的公告,share_split 基金份额拆分,https://www.sse.com.cn/disclosure/fund/announcement/c/new/2026-06-26/560780_20260626_99CX.pdf
561980.SH,20260626,,招商基金管理有限公司关于招商中证半导体产业交易型开放式指数证券投资基金基金份额拆分结果及调整最小申购、赎回单位并恢复相关业务的公告,share_split 基金份额拆分,https://www.sse.com.cn/disclosure/fund/announcement/c/new/2026-06-26/561980_20260626_4J0A.pdf
512480.SH,20260629,,国联安基金管理有限公司关于国联安中证全指半导体产品与设备交易型开放式指数证券投资基金实施基金份额拆分并调整最小申购、赎回单位及相关业务安排的公告,share_split 基金份额拆分,https://www.sse.com.cn/disclosure/fund/announcement/c/new/2026-06-29/512480_20260629_CA4B.pdf
515070.SH,20260630,,华夏基金管理有限公司关于华夏中证人工智能主题交易型开放式指数证券投资基金实施基金份额拆分并调整最小申购、赎回单位及相关业务安排的公告,share_split 基金份额拆分,https://www.sse.com.cn/disclosure/fund/announcement/c/new/2026-06-30/515070_20260630_T5SF.pdf
515880.SH,20260630,,国泰基金管理有限公司关于国泰中证全指通信设备交易型开放式指数证券投资基金实施基金份额拆分并调整最小申购、赎回单位及相关业务安排的公告,share_split 基金份额拆分,https://www.sse.com.cn/disclosure/fund/announcement/c/new/2026-06-30/515880_20260630_NHF1.pdf
562590.SH,20260630,,华夏基金管理有限公司关于华夏中证半导体材料设备主题交易型开放式指数证券投资基金实施基金份额拆分并调整最小申购、赎回单位及相关业务安排的公告,share_split 基金份额拆分,https://www.sse.com.cn/disclosure/fund/announcement/c/new/2026-06-30/562590_20260630_ARTL.pdf
588170.SH,20260630,,华夏基金管理有限公司关于华夏上证科创板半导体材料设备主题交易型开放式指数证券投资基金实施基金份额拆分并调整最小申购、赎回单位及相关业务安排的公告,share_split 基金份额拆分,https://www.sse.com.cn/disclosure/fund/announcement/c/new/2026-06-30/588170_20260630_8IKG.pdf
512480.SH,20260703,,国联安基金管理有限公司关于国联安中证全指半导体产品与设备交易型开放式指数证券投资基金基金份额拆分结果的公告,share_split 基金份额拆分,https://www.sse.com.cn/disclosure/fund/announcement/c/new/2026-07-03/512480_20260703_WPHJ.pdf
515070.SH,20260706,,华夏基金管理有限公司关于华夏中证人工智能主题交易型开放式指数证券投资基金基金份额拆分结果及调整最小申购、赎回单位并恢复相关业务的公告,share_split 基金份额拆分,https://www.sse.com.cn/disclosure/fund/announcement/c/new/2026-07-06/515070_20260706_BPJG.pdf
515880.SH,20260706,,国泰基金管理有限公司关于国泰中证全指通信设备交易型开放式指数证券投资基金基金份额拆分结果的公告,share_split 基金份额拆分,https://www.sse.com.cn/disclosure/fund/announcement/c/new/2026-07-06/515880_20260706_PYMW.pdf
562590.SH,20260706,,华夏基金管理有限公司关于华夏中证半导体材料设备主题交易型开放式指数证券投资基金基金份额拆分结果及调整最小申购、赎回单位并恢复相关业务的公告,share_split 基金份额拆分,https://www.sse.com.cn/disclosure/fund/announcement/c/new/2026-07-06/562590_20260706_5QUI.pdf
588170.SH,20260706,,华夏基金管理有限公司关于华夏上证科创板半导体材料设备主题交易型开放式指数证券投资基金基金份额拆分结果及调整最小申购、赎回单位并恢复相关业务的公告,share_split 基金份额拆分,https://www.sse.com.cn/disclosure/fund/announcement/c/new/2026-07-06/588170_20260706_KYCK.pdf
159995.SZ,20260707,,华夏国证半导体芯片交易型开放式指数证券投资基金招募说明书更新,,https://static.cninfo.com.cn/finalpage/2026-07-07/1225412522.PDF
159995.SZ,20260707,,华夏基金管理有限公司关于华夏国证半导体芯片交易型开放式指数证券投资基金基金份额拆分结果及调整最小申购、赎回单位的公告,,https://static.cninfo.com.cn/finalpage/2026-07-07/1225412524.PDF
