fund_code,name,trade_date,prev_trade_date,event_type,event_date,announcement_date,event_keyword,event_title,source_url,share_change,share_change_pct,adjustment_action,review_status,review_note
511220.SH,海富通上证城投债ETF,20230113,20230112,share_split,20230113,20230110,基金份额拆分,海富通基金管理有限公司关于上证城投债交易型开放式指数证券投资基金实施基金份额拆分并调整最小申购、赎回单位及相关业务安排的公告,https://www.sse.com.cn/disclosure/fund/announcement/c/new/2023-01-10/511220_20230110_6QF2.pdf,12994.33,9.00002770447635,zero_estimated_net_flow,auto_from_matched_lifecycle_event,non_flow_lifecycle_share_jump
159939.SZ,广发中证全指信息技术ETF,20230216,20230215,share_split,20230216,20230216,基金份额拆分,关于广发中证全指信息技术交易型开放式指数证券投资基金基金份额拆分结果及恢复申购、赎回的公告,https://static.cninfo.com.cn/finalpage/2023-02-16/1215873539.PDF,249282.8053,0.9904641876621676,zero_estimated_net_flow,auto_from_matched_lifecycle_event,non_flow_lifecycle_share_jump
159801.SZ,广发国证半导体芯片ETF,20230831,20230830,share_split,20230831,20230831,基金份额拆分,关于广发国证半导体芯片交易型开放式指数证券投资基金基金份额拆分结果及恢复申购、赎回的公告,https://static.cninfo.com.cn/finalpage/2023-08-31/1217719072.PDF,273106.0086,0.9869898018542702,zero_estimated_net_flow,auto_from_matched_lifecycle_event,non_flow_lifecycle_share_jump
512040.SH,富国中证价值ETF,20231010,20231009,share_split,20231011,20231011,基金份额拆分,关于富国中证价值交易型开放式指数证券投资基金基金份额拆分结果的公告,https://www.sse.com.cn/disclosure/fund/announcement/c/new/2023-10-11/512040_20231011_XY20.pdf,23085.799999999996,1.000000433166896,zero_estimated_net_flow,auto_from_matched_lifecycle_event,non_flow_lifecycle_share_jump
159907.SZ,广发国证2000ETF,20240401,20240329,share_split,20240401,20240401,基金份额拆分,关于广发国证2000交易型开放式指数证券投资基金基金份额拆分结果的公告,https://static.cninfo.com.cn/finalpage/2024-04-01/1219474317.PDF,14059.8847,1.0,zero_estimated_net_flow,auto_from_matched_lifecycle_event,non_flow_lifecycle_share_jump
515220.SH,国泰中证煤炭ETF,20240411,20240410,share_split,20240412,20240412,基金份额拆分,国泰基金管理有限公司关于国泰中证煤炭交易型开放式指数证券投资基金基金份额拆分结果的公告,https://www.sse.com.cn/disclosure/fund/announcement/c/new/2024-04-12/515220_20240412_5CZN.pdf,153358.84,1.011876508696127,zero_estimated_net_flow,auto_from_matched_lifecycle_event,non_flow_lifecycle_share_jump
588790.SH,博时上证科创板人工智能ETF,20250318,20250317,share_split,20250319,20250319,基金份额拆分,博时基金管理有限公司关于博时上证科创板人工智能交易型开放式指数证券投资基金基金份额拆分结果的公告,https://www.sse.com.cn/disclosure/fund/announcement/c/new/2025-03-19/588790_20250319_ZM10.pdf,199269.2,0.9866316250200525,zero_estimated_net_flow,auto_from_matched_lifecycle_event,non_flow_lifecycle_share_jump
512810.SH,华宝中证军工ETF,20250620,20250619,share_split,20250617,20250617,基金份额拆分,华宝基金管理有限公司关于华宝中证军工交易型开放式指数证券投资基金实施基金份额拆分并调整最小申购、赎回单位及相关业务安排的公告,https://www.sse.com.cn/disclosure/fund/announcement/c/new/2025-06-17/512810_20250617_V0RQ.pdf,51179.18000000001,1.0000001953919926,zero_estimated_net_flow,auto_from_matched_lifecycle_event,non_flow_lifecycle_share_jump
512800.SH,华宝中证银行ETF,20250704,20250703,share_split,20250701,20250701,基金份额拆分,华宝基金管理有限公司关于华宝中证银行交易型开放式指数证券投资基金实施基金份额拆分并调整最小申购、赎回单位及相关业务安排的公告,https://www.sse.com.cn/disclosure/fund/announcement/c/new/2025-07-01/512800_20250701_6LD2.pdf,692233.99,0.9905556827515547,zero_estimated_net_flow,auto_from_matched_lifecycle_event,non_flow_lifecycle_share_jump
512000.SH,华宝中证全指证券公司ETF,20250801,20250731,share_split,20250729,20250729,基金份额拆分,华宝基金管理有限公司关于华宝中证全指证券公司交易型开放式指数证券投资基金实施基金份额拆分并调整最小申购、赎回单位及相关业务安排的公告,https://www.sse.com.cn/disclosure/fund/announcement/c/new/2025-07-29/512000_20250729_PP6C.pdf,2157721.77,1.0031521076463172,zero_estimated_net_flow,auto_from_matched_lifecycle_event,non_flow_lifecycle_share_jump
159876.SZ,华宝中证有色金属ETF,20250804,20250801,share_split,20250804,20250804,基金份额拆分,华宝基金管理有限公司关于华宝中证有色金属交易型开放式指数证券投资基金基金份额拆分结果的公告,https://static.cninfo.com.cn/finalpage/2025-08-04/1224369082.PDF,6088.8509,1.0099521452753129,zero_estimated_net_flow,auto_from_matched_lifecycle_event,non_flow_lifecycle_share_jump
562060.SH,华宝标普中国A股红利机会ETF,20250808,20250807,share_split,20250805,20250805,基金份额拆分,华宝基金管理有限公司关于华宝标普中国A股红利机会交易型开放式指数证券投资基金实施基金份额拆分并调整最小申购、赎回单位及相关业务安排的公告,https://www.sse.com.cn/disclosure/fund/announcement/c/new/2025-08-05/562060_20250805_ZIWB.pdf,139189.63,1.0021599884743015,zero_estimated_net_flow,auto_from_matched_lifecycle_event,non_flow_lifecycle_share_jump
159231.SZ,华宝国证通用航空产业ETF,20250811,20250808,share_split,20250811,20250811,基金份额拆分,华宝基金管理有限公司关于华宝国证通用航空产业交易型开放式指数证券投资基金基金份额拆分结果的公告,https://static.cninfo.com.cn/finalpage/2025-08-11/1224442186.PDF,2204.593,1.0,zero_estimated_net_flow,auto_from_matched_lifecycle_event,non_flow_lifecycle_share_jump
159567.SZ,银华国证港股通创新药ETF,20250811,20250808,share_split,20250811,20250811,基金份额拆分,银华基金管理股份有限公司关于银华国证港股通创新药交易型开放式指数证券投资基金基金份额拆分结果的公告,https://static.cninfo.com.cn/finalpage/2025-08-11/1224442644.PDF,272336.4863,1.0287077920622836,zero_estimated_net_flow,auto_from_matched_lifecycle_event,non_flow_lifecycle_share_jump
159231.SZ,华宝国证通用航空产业ETF,20250821,20250820,share_split,20250811,20250811,基金份额拆分,华宝基金管理有限公司关于华宝国证通用航空产业交易型开放式指数证券投资基金基金份额拆分结果的公告,https://static.cninfo.com.cn/finalpage/2025-08-11/1224442186.PDF,3000.0,0.5759057173232056,zero_estimated_net_flow,auto_from_matched_lifecycle_event,non_flow_lifecycle_share_jump
513770.SH,华宝中证港股通互联网ETF,20250829,20250828,share_split,20250826,20250826,基金份额拆分,华宝基金管理有限公司关于华宝中证港股通互联网交易型开放式指数证券投资基金实施基金份额拆分并调整最小申购、赎回单位及相关业务安排的公告,https://www.sse.com.cn/disclosure/fund/announcement/c/new/2025-08-26/513770_20250826_3ZME.pdf,790406.9,1.0235688262247957,zero_estimated_net_flow,auto_from_matched_lifecycle_event,non_flow_lifecycle_share_jump
515000.SH,华宝中证科技龙头ETF,20250905,20250904,share_split,20250902,20250902,基金份额拆分,华宝基金管理有限公司关于华宝中证科技龙头交易型开放式指数证券投资基金实施基金份额拆分并调整最小申购、赎回单位及相关业务安排的公告,https://www.sse.com.cn/disclosure/fund/announcement/c/new/2025-09-02/515000_20250902_ECGC.pdf,173628.96,0.9763817447742064,zero_estimated_net_flow,auto_from_matched_lifecycle_event,non_flow_lifecycle_share_jump
516800.SH,华宝中证智能制造主题ETF,20250905,20250904,share_split,20250902,20250902,基金份额拆分,华宝基金管理有限公司关于华宝中证智能制造主题交易型开放式指数证券投资基金实施基金份额拆分并调整最小申购、赎回单位及相关业务安排的公告,https://www.sse.com.cn/disclosure/fund/announcement/c/new/2025-09-02/516800_20250902_3J7K.pdf,11315.4,1.0,zero_estimated_net_flow,auto_from_matched_lifecycle_event,non_flow_lifecycle_share_jump
515260.SH,华宝中证电子50ETF,20250912,20250911,share_split,20250909,20250909,基金份额拆分,华宝基金管理有限公司关于华宝中证电子50交易型开放式指数证券投资基金实施基金份额拆分并调整最小申购、赎回单位及相关业务安排的公告,https://www.sse.com.cn/disclosure/fund/announcement/c/new/2025-09-09/515260_20250909_05TQ.pdf,39828.42,1.025754331492242,zero_estimated_net_flow,auto_from_matched_lifecycle_event,non_flow_lifecycle_share_jump
515980.SH,华富中证人工智能产业ETF,20250929,20250926,share_split,20250930,20250930,基金份额拆分,华富基金管理有限公司关于华富中证人工智能产业交易型开放式指数证券投资基金基金份额拆分结果的公告,https://www.sse.com.cn/disclosure/fund/announcement/c/new/2025-09-30/515980_20250930_Z77F.pdf,429256.45,0.9993016051790167,zero_estimated_net_flow,auto_from_matched_lifecycle_event,non_flow_lifecycle_share_jump
159596.SZ,华宝中证A50ETF,20251020,20251017,share_split,20251020,20251020,基金份额拆分,华宝基金管理有限公司关于华宝中证A50交易型开放式指数证券投资基金基金份额拆分结果的公告,https://static.cninfo.com.cn/finalpage/2025-10-20/1224719474.PDF,49484.152,1.024852875121427,zero_estimated_net_flow,auto_from_matched_lifecycle_event,non_flow_lifecycle_share_jump
588860.SH,工银瑞信上证科创板生物医药ETF,20251024,20251023,share_split,20251021,20251021,基金份额拆分,工银瑞信基金管理有限公司关于工银瑞信上证科创板生物医药交易型开放式指数证券投资基金实施基金份额拆分并调整最小申购、赎回单位及相关业务安排的公告,https://www.sse.com.cn/disclosure/fund/announcement/c/new/2025-10-21/588860_20251021_E5AT.pdf,13044.47,1.0,zero_estimated_net_flow,auto_from_matched_lifecycle_event,non_flow_lifecycle_share_jump
562000.SH,华宝中证A100ETF,20251107,20251106,share_split,20251104,20251104,基金份额拆分,华宝基金管理有限公司关于华宝中证A100交易型开放式指数证券投资基金实施基金份额拆分并调整最小申购、赎回单位及相关业务安排的公告,https://www.sse.com.cn/disclosure/fund/announcement/c/new/2025-11-04/562000_20251104_ZGXI.pdf,57836.899999999994,0.9931316730683935,zero_estimated_net_flow,auto_from_matched_lifecycle_event,non_flow_lifecycle_share_jump
562080.SH,华宝沪深300自由现金流ETF,20251107,20251106,share_split,20251104,20251104,基金份额拆分,华宝基金管理有限公司关于华宝沪深300自由现金流交易型开放式指数证券投资基金实施基金份额拆分并调整最小申购、赎回单位及相关业务安排的公告,https://www.sse.com.cn/disclosure/fund/announcement/c/new/2025-11-04/562080_20251104_794H.pdf,64937.86,0.9788959125301901,zero_estimated_net_flow,auto_from_matched_lifecycle_event,non_flow_lifecycle_share_jump
159220.SZ,华宝标普港股通低波红利ETF,20251110,20251107,share_split,20251110,20251110,基金份额拆分,华宝基金管理有限公司关于华宝标普港股通低波红利交易型开放式指数证券投资基金基金份额拆分结果的公告,https://static.cninfo.com.cn/finalpage/2025-11-10/1224794202.PDF,26878.4763,1.0228323740368463,zero_estimated_net_flow,auto_from_matched_lifecycle_event,non_flow_lifecycle_share_jump
159971.SZ,富国创业板ETF,20251202,20251201,share_split,20251202,20251202,基金份额拆分,关于富国创业板交易型开放式指数证券投资基金基金份额拆分结果的公告,https://static.cninfo.com.cn/finalpage/2025-12-02/1224842088.PDF,102401.0144,0.9846155346730926,zero_estimated_net_flow,auto_from_matched_lifecycle_event,non_flow_lifecycle_share_jump
159636.SZ,工银瑞信国证港股通科技ETF,20251208,20251205,share_split,20251208,20251208,基金份额拆分,港股通科技30ETF：工银瑞信基金管理有限公司关于工银瑞信国证港股通科技交易型开放式指数证券投资基金基金份额拆分结果的公告,https://disc.static.szse.cn/download/disc/disk03/finalpage/2025-12-08/ed4a78bb-e6c0-4478-bb5b-887e406b33a4.PDF,2643925.0603,1.0,zero_estimated_net_flow,auto_from_matched_lifecycle_event,non_flow_lifecycle_share_jump
159970.SZ,工银瑞信深证100ETF,20251222,20251219,share_split,20251222,20251222,基金份额拆分,深100ETF工银：工银瑞信基金管理有限公司关于工银瑞信深证100交易型开放式指数证券投资基金基金份额拆分结果的公告,https://disc.static.szse.cn/download/disc/disk03/finalpage/2025-12-22/f1497d58-2461-41f2-85f3-a205c076e402.PDF,1022.392,5.0,zero_estimated_net_flow,auto_from_matched_lifecycle_event,non_flow_lifecycle_share_jump
515880.SH,国泰中证全指通信设备ETF,20260202,20260130,share_split,20260203,20260203,基金份额拆分,国泰基金管理有限公司关于国泰中证全指通信设备交易型开放式指数证券投资基金基金份额拆分结果的公告,https://www.sse.com.cn/disclosure/fund/announcement/c/new/2026-02-03/515880_20260203_8390.pdf,973692.47,2.092854078581142,zero_estimated_net_flow,auto_from_matched_lifecycle_event,non_flow_lifecycle_share_jump
588780.SH,国联安上证科创板芯片设计主题ETF,20260202,20260130,share_split,20260203,20260203,基金份额拆分,国联安基金管理有限公司关于国联安上证科创板芯片设计主题交易型开放式指数证券投资基金基金份额拆分结果的公告,https://www.sse.com.cn/disclosure/fund/announcement/c/new/2026-02-03/588780_20260203_Q6ER.pdf,49995.1,1.0,zero_estimated_net_flow,auto_from_matched_lifecycle_event,non_flow_lifecycle_share_jump
159994.SZ,银华中证5G通信主题ETF,20260209,20260206,share_split,20260209,20260209,基金份额拆分,银华基金管理股份有限公司关于银华中证5G通信主题交易型开放式指数证券投资基金基金份额拆分结果的公告,https://static.cninfo.com.cn/finalpage/2026-02-09/1224972085.PDF,135700.1679,0.9955979511306237,zero_estimated_net_flow,auto_from_matched_lifecycle_event,non_flow_lifecycle_share_jump
159246.SZ,富国创业板人工智能ETF,20260213,20260212,share_split,20260213,20260213,基金份额拆分,关于富国创业板人工智能交易型开放式指数证券投资基金基金份额拆分结果的公告,https://static.cninfo.com.cn/finalpage/2026-02-13/1224980186.PDF,160482.7803,0.99380738925759,zero_estimated_net_flow,auto_from_matched_lifecycle_event,non_flow_lifecycle_share_jump
512760.SH,国泰CES半导体芯片行业ETF,20260326,20260325,share_split,20260327,20260327,基金份额拆分,国泰基金管理有限公司关于国泰CES半导体芯片行业交易型开放式指数证券投资基金基金份额拆分结果的公告,https://www.sse.com.cn/disclosure/fund/announcement/c/new/2026-03-27/512760_20260327_2DS9.pdf,570272.27,1.0106331468205385,zero_estimated_net_flow,auto_from_matched_lifecycle_event,non_flow_lifecycle_share_jump
513660.SH,华夏沪港通恒生ETF,20260420,20260417,share_split,20260421,20260421,基金份额拆分,华夏基金管理有限公司关于华夏沪港通恒生交易型开放式指数证券投资基金基金份额拆分结果及调整最小申购、赎回单位并恢复相关业务的公告,https://www.sse.com.cn/disclosure/fund/announcement/c/new/2026-04-21/513660_20260421_ASND.pdf,142600.01,1.0,zero_estimated_net_flow,auto_from_matched_lifecycle_event,non_flow_lifecycle_share_jump
560660.SH,新华中证云计算50ETF,20260424,20260423,share_split,20260421,20260421,基金份额拆分,关于新华中证云计算50交易型开放式指数证券投资基金实施基金份额拆分业务的公告,https://www.sse.com.cn/disclosure/fund/announcement/c/new/2026-04-21/560660_20260421_7ANC.pdf,5996.9,1.0,zero_estimated_net_flow,auto_from_matched_lifecycle_event,non_flow_lifecycle_share_jump
515050.SH,华夏中证5G通信主题ETF,20260512,20260511,share_split,20260513,20260513,基金份额拆分,华夏基金管理有限公司关于华夏中证5G通信主题交易型开放式指数证券投资基金份额拆分结果及恢复相关业务的公告,https://www.sse.com.cn/disclosure/fund/announcement/c/new/2026-05-13/515050_20260513_P4D1.pdf,736213.6928,2.026423924569548,zero_estimated_net_flow,auto_from_matched_lifecycle_event,non_flow_lifecycle_share_jump
159305.SZ,广发国证新能源电池ETF,20260520,20260519,share_split,20260521,20260521,基金份额拆分,关于广发国证新能源电池交易型开放式指数证券投资基金基金份额拆分结果的公告,https://static.cninfo.com.cn/finalpage/2026-05-21/1225321575.PDF,46232.0151,0.9706080039431294,zero_estimated_net_flow,auto_from_matched_lifecycle_event,non_flow_lifecycle_share_jump
512930.SH,平安中证人工智能主题ETF,20260521,20260520,share_split,20260522,20260522,基金份额拆分,平安基金管理有限公司关于平安中证人工智能主题交易型开放式指数证券投资基金基金份额拆分结果的公告,https://www.sse.com.cn/disclosure/fund/announcement/c/new/2026-05-22/512930_20260522_RO7M.pdf,317239.1032,3.0152073673764552,zero_estimated_net_flow,auto_from_matched_lifecycle_event,non_flow_lifecycle_share_jump
159507.SZ,广发国证通信ETF,20260608,20260605,share_split,20260609,20260609,基金份额拆分,关于广发国证通信交易型开放式指数证券投资基金基金份额拆分结果的公告,https://static.cninfo.com.cn/finalpage/2026-06-09/1225358702.PDF,40388.726800000004,2.390662840838383,zero_estimated_net_flow,auto_from_matched_lifecycle_event,non_flow_lifecycle_share_jump
159546.SZ,国泰中证全指集成电路ETF,20260609,20260608,share_split,20260610,20260610,基金份额拆分,集成电路ETF国泰：国泰基金管理有限公司关于国泰中证全指集成电路交易型开放式指数证券投资基金基金份额拆分结果的公告,https://disc.static.szse.cn/download/disc/disk03/finalpage/2026-06-10/2eafd59e-c07f-463b-9a24-b122347c99e9.PDF,32661.8548,2.0,zero_estimated_net_flow,auto_from_matched_lifecycle_event,non_flow_lifecycle_share_jump
159667.SZ,国泰中证机床ETF,20260609,20260608,share_split,20260610,20260610,基金份额拆分,国泰基金管理有限公司关于国泰中证机床交易型开放式指数证券投资基金基金份额拆分结果的公告,https://static.cninfo.com.cn/finalpage/2026-06-10/1225361557.PDF,175203.38119999997,2.013792835423361,zero_estimated_net_flow,auto_from_matched_lifecycle_event,non_flow_lifecycle_share_jump
561330.SH,国泰中证有色金属矿业主题ETF,20260624,20260623,share_split,20260625,20260625,基金份额拆分,国泰基金管理有限公司关于国泰中证有色金属矿业主题交易型开放式指数证券投资基金基金份额拆分结果的公告,https://www.sse.com.cn/disclosure/fund/announcement/c/new/2026-06-25/561330_20260625_IWKV.pdf,91569.60299999999,1.0155262177578452,zero_estimated_net_flow,auto_from_matched_lifecycle_event,non_flow_lifecycle_share_jump
159881.SZ,国泰中证有色金属ETF,20260625,20260624,share_split,20260626,20260626,基金份额拆分,有色金属ETF国泰：国泰基金管理有限公司关于国泰中证有色金属交易型开放式指数证券投资基金基金份额拆分结果的公告,https://disc.static.szse.cn/download/disc/disk03/finalpage/2026-06-26/f751af2e-a111-45f3-a3ee-2812464390dd.PDF,8924.9583,1.0,zero_estimated_net_flow,auto_from_matched_lifecycle_event,non_flow_lifecycle_share_jump
560780.SH,广发中证半导体材料设备主题ETF,20260625,20260624,share_split,20260626,20260626,基金份额拆分,关于广发中证半导体材料设备主题交易型开放式指数证券投资基金基金份额拆分结果的公告,https://www.sse.com.cn/disclosure/fund/announcement/c/new/2026-06-26/560780_20260626_99CX.pdf,449199.20000000007,2.169524597004776,zero_estimated_net_flow,auto_from_matched_lifecycle_event,non_flow_lifecycle_share_jump
561980.SH,招商中证半导体产业ETF,20260625,20260624,share_split,20260626,20260626,基金份额拆分,招商基金管理有限公司关于招商中证半导体产业交易型开放式指数证券投资基金基金份额拆分结果及调整最小申购、赎回单位并恢复相关业务的公告,https://www.sse.com.cn/disclosure/fund/announcement/c/new/2026-06-26/561980_20260626_4J0A.pdf,560344.0,4.270556584432708,zero_estimated_net_flow,auto_from_matched_lifecycle_event,non_flow_lifecycle_share_jump
512480.SH,国联安中证全指半导体产品与设备ETF,20260702,20260701,share_split,20260703,20260703,基金份额拆分,国联安基金管理有限公司关于国联安中证全指半导体产品与设备交易型开放式指数证券投资基金基金份额拆分结果的公告,https://www.sse.com.cn/disclosure/fund/announcement/c/new/2026-07-03/512480_20260703_WPHJ.pdf,867700.36,0.9986189440639661,zero_estimated_net_flow,auto_from_matched_lifecycle_event,non_flow_lifecycle_share_jump
515070.SH,华夏中证人工智能主题ETF,20260703,20260702,share_split,20260630,20260630,基金份额拆分,华夏基金管理有限公司关于华夏中证人工智能主题交易型开放式指数证券投资基金实施基金份额拆分并调整最小申购、赎回单位及相关业务安排的公告,https://www.sse.com.cn/disclosure/fund/announcement/c/new/2026-06-30/515070_20260630_T5SF.pdf,372197.017,1.0089455778200647,zero_estimated_net_flow,auto_from_matched_lifecycle_event,non_flow_lifecycle_share_jump
515880.SH,国泰中证全指通信设备ETF,20260703,20260702,share_split,20260630,20260630,基金份额拆分,国泰基金管理有限公司关于国泰中证全指通信设备交易型开放式指数证券投资基金实施基金份额拆分并调整最小申购、赎回单位及相关业务安排的公告,https://www.sse.com.cn/disclosure/fund/announcement/c/new/2026-06-30/515880_20260630_NHF1.pdf,3331338.6956,0.9810061636908726,zero_estimated_net_flow,auto_from_matched_lifecycle_event,non_flow_lifecycle_share_jump
562590.SH,华夏中证半导体材料设备主题ETF,20260703,20260702,share_split,20260630,20260630,基金份额拆分,华夏基金管理有限公司关于华夏中证半导体材料设备主题交易型开放式指数证券投资基金实施基金份额拆分并调整最小申购、赎回单位及相关业务安排的公告,https://www.sse.com.cn/disclosure/fund/announcement/c/new/2026-06-30/562590_20260630_ARTL.pdf,469132.60000000003,2.0797991543949608,zero_estimated_net_flow,auto_from_matched_lifecycle_event,non_flow_lifecycle_share_jump
588170.SH,华夏上证科创板半导体材料设备主题ETF,20260703,20260702,share_split,20260630,20260630,基金份额拆分,华夏基金管理有限公司关于华夏上证科创板半导体材料设备主题交易型开放式指数证券投资基金实施基金份额拆分并调整最小申购、赎回单位及相关业务安排的公告,https://www.sse.com.cn/disclosure/fund/announcement/c/new/2026-06-30/588170_20260630_8IKG.pdf,1402829.7999999998,2.0772972727241763,zero_estimated_net_flow,auto_from_matched_lifecycle_event,non_flow_lifecycle_share_jump
159995.SZ,华夏国证半导体芯片ETF,20260706,20260703,share_split,20260707,20260707,基金份额拆分,华夏基金管理有限公司关于华夏国证半导体芯片交易型开放式指数证券投资基金基金份额拆分结果及调整最小申购、赎回单位的公告,https://static.cninfo.com.cn/finalpage/2026-07-07/1225412524.PDF,1113956.3006,0.990045827416131,zero_estimated_net_flow,auto_from_matched_lifecycle_event,non_flow_lifecycle_share_jump
